Workbook

Sheet Read Me
A1: PracticeLab Chart Inventory Tracker
A2: End-to-end tracking for every chart, from candidate to retirement · built 15 October 2026
B5: What this is
B6: The operational companion to PracticeLab_Chart_Composition_Taxonomy.xlsx. That workbook is the standard: what the pool should contain, topic by topic. This one is the record: what it actually contains, who is building it, and how far behind the build is.
B7: The register starts empty on purpose. A row exists once a chart exists, so nothing in this file is a placeholder somebody has to maintain. What is not yet sourced is a number on the dashboard, computed against the plan — not two thousand blank rows.
B9: The sheets, in the order you need them
B10: Dashboard | C10: Read-only. Fourteen figures, a stage funnel and the difficulty mix, all formulas. Start here, then follow whatever is red.
B11: Chart Register | C11: Where the work is recorded. One row per chart, five dated stages, dropdowns on every classified field. The only sheet most people type into.
B12: Topic Plan | C12: All 103 topics with their targets, and live counts beside them. This is where a coverage gap shows up at the level sourcing actually works at.
B13: Specialty View | C13: The same thing one level up: progress, slippage and status per specialty. The view for a weekly update.
B14: Schedule Model | C14: Where every expected date comes from. Two editable columns — build hours per chart and FTE assigned — drive the whole schedule.
B15: Issues Log | C15: Anything blocking a chart or casting doubt on one already live. Severity, owner, target resolution date, overdue flag.
B16: Refresh & Retirement | C16: Sizes the next half-yearly refresh and flags charts past the usage or age limit.
B17: Lists | C17: The source of every dropdown. Add a value here, never straight into a cell.
B19: The five stages
B20: Identified, De-identified, Built, Validated, Live — then Retired, or On hold while an issue runs. Each has its own date column, which is what makes the stage funnel on the dashboard meaningful: a stage holding more charts than the ones after it is the bottleneck, and the Days in stage column names the individual charts stuck there.
B21: Set the Status column to where a chart is now, and fill the date column for each stage as it is reached. The two are not the same field and both are needed: the status drives every count, the dates drive the ageing.
B23: How a delay is measured
B24: Where expected dates come from | C24: The Schedule Model multiplies a specialty's target by its build hours per chart, divides by the hours one FTE has in a week, and lays the result out from the programme start date. Topics within a specialty are sequenced by build priority, so the P1 topics carry the earliest dates.
B25: What a slipping date means | C25: Either the build rate is wrong or the staffing is. Both are editable columns on that sheet, so a date that cannot be met should be met by changing the assumption on the record rather than by quietly missing it.
B26: Per chart | C26: Days late on the register compares the expected live date with today, or with the actual live date once the chart is live. Positive means late.
B27: Per topic and specialty | C27: Days vs expected compares today with the modelled completion date, and reads On target as soon as live reaches target.
B29: What this file cannot do
B30: It has no native PivotTables — the tool that writes it cannot create them. The summary views are formulas instead, which need no refresh and survive being emailed. If you want ad-hoc pivoting, select the register and insert a PivotTable; it is a flat table with a header row, which is all a pivot needs.
B31: Formulas cover register rows 5 to 1004 and issue rows 5 to 504. That is headroom for a pool of 2,942 across several refresh cycles, but it is not infinite: paste past the end and the dashboard will quietly stop counting the overflow. Extend the formulas, do not type past them.
B32: Nothing here is connected to the platform. It is a planning and governance record maintained by hand, and the moment Topic ID exists as a field on the chart record in the application, the counts in it should come from there instead.
B34: Rules worth keeping
B35: A suspected answer-key problem puts the chart On hold, not Live-with-a-note. A wrong key silently grades everyone against it, which is worse than a missing chart.
B36: Retiring a chart keeps its row. Deleting the row loses the history that lets the dashboard say what left the pool and when.
B37: Every rate on the dashboard carries its denominator in the description beside it. Pool complete is live over planned; the difficulty mix is over live charts only, because that is the pool a coder actually meets.
B38: A topic with no target reads NA, not 0%. They are different statements: one means no target was set, the other means nothing was built against one.
B40: What the colours mean
B41: Green | C41: Done or healthy: live, complete, on track, a closed issue.
B42: Blue | C42: In flight: a chart moving through the stages, or a topic at or above the gap threshold.
B43: Amber | C43: Watch it: on hold, stalled over 30 days, a coverage gap, a P1 topic, more charts qualifying to retire than policy removes.
B44: Red | C44: Act now: past the expected date, below the gap threshold, a blocker, an overdue issue, an unrecognised Topic ID.
B45: Cream | C45: You type here. Build hours, FTE, the start date, the retirement limits.
B46: Grey-blue | C46: Computed — do not type. These columns fill themselves from the Topic ID or the dates.
B48: Colour is never the only signal: every highlighted cell also carries the words, so the workbook still reads correctly printed in black and white or to anyone who cannot distinguish the hues.

Sheet Dashboard
A1: PracticeLab chart inventory — dashboard
A2: Everything here is a formula over the register, the plan and the issues log. Nothing is typed. Built 15 October 2026; the figures are live whenever the file is opened.
A5: Planned charts | B5: ='Topic Plan'!$H$116 | C5: Sum of every topic target. The size of the finished pool.
A6: Live in the pool | B6: =COUNTIF('Chart Register'!$N$5:$N$1004,"Live") | C6: Charts available to a batch right now.
A7: Pool complete | B7: =IF(B5=0,"NA",B6/B5) | C7: Live as a share of planned. Reads NA before any target exists.
A8: In build | B8: =COUNTIF('Chart Register'!$N$5:$N$1004,"Identified")+COUNTIF('Chart Register'!$N$5:$N$1004,"De-identified")+COUNTIF('Chart Register'!$N$5:$N$1004,"Built")+COUNTIF('Chart Register'!$N$5:$N$1004,"Validated") | C8: Logged and moving: identified, de-identified, built or validated, but not yet live.
A9: Not yet sourced | B9: =MAX(0,B5-COUNTIF('Chart Register'!$A$5:$A$1004,"<>")) | C9: Planned charts with no register row at all. The sourcing backlog.
A10: Added live, last 30 days | B10: =COUNTIFS('Chart Register'!$S$5:$S$1004,">="&TODAY()-30,'Chart Register'!$S$5:$S$1004,"<="&TODAY()) | C10: Charts that went live in the last month. The build rate, measured rather than assumed.
A11: Retired, last 90 days | B11: =COUNTIFS('Chart Register'!$T$5:$T$1004,">="&TODAY()-90,'Chart Register'!$T$5:$T$1004,"<="&TODAY()) | C11: Recent retirements. HC policy retires 10% of the pool each half-yearly refresh.
A12: On hold | B12: =COUNTIF('Chart Register'!$N$5:$N$1004,"On hold") | C12: Charts stopped by an unresolved issue. These are not in the pool and are not progressing.
A13: Topics below threshold | B13: =COUNTIF('Topic Plan'!$P$5:$P$115,"BELOW*") | C13: Topics under the HC section 9 gap threshold. Each one triggers targeted sourcing.
A14: Charts past expected date | B14: =COUNTIF('Chart Register'!$V$5:$V$1004,">0") | C14: Logged charts whose expected live date has passed and which are not live.
A15: Stalled over 30 days | B15: =COUNTIF('Chart Register'!$W$5:$W$1004,">30") | C15: Charts sitting in the same stage for over a month. Where the build is actually blocked.
A16: Open issues | B16: =COUNTIF('Issues Log'!$K$5:$K$504,"Open")+COUNTIF('Issues Log'!$K$5:$K$504,"In progress") | C16: Unresolved issues across every specialty.
A17: Blocker issues open | B17: =COUNTIFS('Issues Log'!$G$5:$G$504,"Blocker",'Issues Log'!$K$5:$K$504,"Open")+COUNTIFS('Issues Log'!$G$5:$G$504,"Blocker",'Issues Log'!$K$5:$K$504,"In progress") | C17: Issues stopping a chart outright. Clear these first.
A18: Issues overdue | B18: =COUNTIF('Issues Log'!$O$5:$O$504,"OVERDUE") | C18: Open issues past their own target resolution date.
A20: STAGE FUNNEL — WHERE THE CHARTS ARE
A21: Stage | B21: Charts | C21: % of planned | J21: Reading
A22: Identified | B22: =COUNTIF('Chart Register'!$N$5:$N$1004,"Identified") | C22: =IF($B$5=0,"NA",B22/$B$5) | J22: A stage holding far more charts than the ones after it is the bottleneck. Validated piling up means second-level review is the constraint, not sourcing.
A23: De-identified | B23: =COUNTIF('Chart Register'!$N$5:$N$1004,"De-identified") | C23: =IF($B$5=0,"NA",B23/$B$5)
A24: Built | B24: =COUNTIF('Chart Register'!$N$5:$N$1004,"Built") | C24: =IF($B$5=0,"NA",B24/$B$5)
A25: Validated | B25: =COUNTIF('Chart Register'!$N$5:$N$1004,"Validated") | C25: =IF($B$5=0,"NA",B25/$B$5)
A26: Live | B26: =COUNTIF('Chart Register'!$N$5:$N$1004,"Live") | C26: =IF($B$5=0,"NA",B26/$B$5)
A27: On hold | B27: =COUNTIF('Chart Register'!$N$5:$N$1004,"On hold") | C27: =IF($B$5=0,"NA",B27/$B$5)
A28: Retired | B28: =COUNTIF('Chart Register'!$N$5:$N$1004,"Retired") | C28: =IF($B$5=0,"NA",B28/$B$5)
A30: DIFFICULTY MIX — ACTUAL AGAINST THE HC 40 / 40 / 20 TARGET
A31: Tier | B31: Live charts | C31: Actual % | D31: Target % | E31: Deviation | J31: Reading
A32: Basic | B32: =COUNTIFS('Chart Register'!$G$5:$G$1004,"Basic",'Chart Register'!$N$5:$N$1004,"Live") | C32: =IF($B$6=0,"NA",B32/$B$6) | D32: 0.4 | E32: =IF($B$6=0,"NA",C32-D32) | J32: Measured over live charts only, so it reports the pool a coder actually meets. A pool drifting toward Basic teaches less than the mix intends; one drifting Complex fails Week 1.
A33: Moderate | B33: =COUNTIFS('Chart Register'!$G$5:$G$1004,"Moderate",'Chart Register'!$N$5:$N$1004,"Live") | C33: =IF($B$6=0,"NA",B33/$B$6) | D33: 0.4 | E33: =IF($B$6=0,"NA",C33-D33)
A34: Complex | B34: =COUNTIFS('Chart Register'!$G$5:$G$1004,"Complex",'Chart Register'!$N$5:$N$1004,"Live") | C34: =IF($B$6=0,"NA",B34/$B$6) | D34: 0.2 | E34: =IF($B$6=0,"NA",C34-D34)
A36: Native Excel PivotTables cannot be generated by the tool that writes this file, so the summary views here and on Specialty View are formula-driven instead. They need no refresh and survive being emailed. For ad-hoc pivoting, select the register range and insert a PivotTable — the register is a flat table with a header row, which is all a pivot needs.
A37: Every count here reads register rows 5 to 1004 and issue rows 5 to 504. Paste beyond those rows and the dashboard will quietly stop counting the overflow, so extend the formulas rather than typing past the end.

Sheet Chart Register
A1: Chart Register — one row per chart
A2: Starts empty: a row exists once a chart exists. Grey columns fill themselves from the Topic ID — do not type into them.
A4: Chart ID | B4: Specialty | C4: Topic ID | D4: Topic (auto) | E4: Coverage category (auto) | F4: Priority (auto) | G4: Difficulty tier | H4: Source type | I4: Client / facility ref | J4: Primary channel | K4: Learning objective | L4: Code-set version | M4: Owner | N4: Status | O4: Date identified | P4: Date de-identified | Q4: Date built | R4: Date validated | S4: Date live | T4: Date retired | U4: Expected live date | V4: Days late (auto) | W4: Days in stage (auto) | X4: Batches used | Y4: Open issues (auto) | Z4: Notes
D5: =IF($C5="","",IFERROR(INDEX('Topic Plan'!$C$5:$C$115,MATCH($C5,'Topic Plan'!$B$5:$B$115,0)),"UNKNOWN TOPIC ID")) | E5: =IF($C5="","",IFERROR(INDEX('Topic Plan'!$D$5:$D$115,MATCH($C5,'Topic Plan'!$B$5:$B$115,0)),"")) | F5: =IF($C5="","",IFERROR(INDEX('Topic Plan'!$E$5:$E$115,MATCH($C5,'Topic Plan'!$B$5:$B$115,0)),"")) | V5: =IF(OR($A5="",$U5=""),"",IF($S5<>"",MAX(0,$S5-$U5),MAX(0,TODAY()-$U5))) | W5: =IF($A5="","",IF(OR($N5="Live",$N5="Retired"),"",TODAY()-MAX($O5,$P5,$Q5,$R5))) | Y5: =IF($A5="","",COUNTIFS('Issues Log'!$C$5:$C$504,$A5,'Issues Log'!$K$5:$K$504,"Open")+COUNTIFS('Issues Log'!$C$5:$C$504,$A5,'Issues Log'!$K$5:$K$504,"In progress"))
D6: =IF($C6="","",IFERROR(INDEX('Topic Plan'!$C$5:$C$115,MATCH($C6,'Topic Plan'!$B$5:$B$115,0)),"UNKNOWN TOPIC ID")) | E6: =IF($C6="","",IFERROR(INDEX('Topic Plan'!$D$5:$D$115,MATCH($C6,'Topic Plan'!$B$5:$B$115,0)),"")) | F6: =IF($C6="","",IFERROR(INDEX('Topic Plan'!$E$5:$E$115,MATCH($C6,'Topic Plan'!$B$5:$B$115,0)),"")) | V6: =IF(OR($A6="",$U6=""),"",IF($S6<>"",MAX(0,$S6-$U6),MAX(0,TODAY()-$U6))) | W6: =IF($A6="","",IF(OR($N6="Live",$N6="Retired"),"",TODAY()-MAX($O6,$P6,$Q6,$R6))) | Y6: =IF($A6="","",COUNTIFS('Issues Log'!$C$5:$C$504,$A6,'Issues Log'!$K$5:$K$504,"Open")+COUNTIFS('Issues Log'!$C$5:$C$504,$A6,'Issues Log'!$K$5:$K$504,"In progress"))
D7: =IF($C7="","",IFERROR(INDEX('Topic Plan'!$C$5:$C$115,MATCH($C7,'Topic Plan'!$B$5:$B$115,0)),"UNKNOWN TOPIC ID")) | E7: =IF($C7="","",IFERROR(INDEX('Topic Plan'!$D$5:$D$115,MATCH($C7,'Topic Plan'!$B$5:$B$115,0)),"")) | F7: =IF($C7="","",IFERROR(INDEX('Topic Plan'!$E$5:$E$115,MATCH($C7,'Topic Plan'!$B$5:$B$115,0)),"")) | V7: =IF(OR($A7="",$U7=""),"",IF($S7<>"",MAX(0,$S7-$U7),MAX(0,TODAY()-$U7))) | W7: =IF($A7="","",IF(OR($N7="Live",$N7="Retired"),"",TODAY()-MAX($O7,$P7,$Q7,$R7))) | Y7: =IF($A7="","",COUNTIFS('Issues Log'!$C$5:$C$504,$A7,'Issues Log'!$K$5:$K$504,"Open")+COUNTIFS('Issues Log'!$C$5:$C$504,$A7,'Issues Log'!$K$5:$K$504,"In progress"))
D8: =IF($C8="","",IFERROR(INDEX('Topic Plan'!$C$5:$C$115,MATCH($C8,'Topic Plan'!$B$5:$B$115,0)),"UNKNOWN TOPIC ID")) | E8: =IF($C8="","",IFERROR(INDEX('Topic Plan'!$D$5:$D$115,MATCH($C8,'Topic Plan'!$B$5:$B$115,0)),"")) | F8: =IF($C8="","",IFERROR(INDEX('Topic Plan'!$E$5:$E$115,MATCH($C8,'Topic Plan'!$B$5:$B$115,0)),"")) | V8: =IF(OR($A8="",$U8=""),"",IF($S8<>"",MAX(0,$S8-$U8),MAX(0,TODAY()-$U8))) | W8: =IF($A8="","",IF(OR($N8="Live",$N8="Retired"),"",TODAY()-MAX($O8,$P8,$Q8,$R8))) | Y8: =IF($A8="","",COUNTIFS('Issues Log'!$C$5:$C$504,$A8,'Issues Log'!$K$5:$K$504,"Open")+COUNTIFS('Issues Log'!$C$5:$C$504,$A8,'Issues Log'!$K$5:$K$504,"In progress"))
D9: =IF($C9="","",IFERROR(INDEX('Topic Plan'!$C$5:$C$115,MATCH($C9,'Topic Plan'!$B$5:$B$115,0)),"UNKNOWN TOPIC ID")) | E9: =IF($C9="","",IFERROR(INDEX('Topic Plan'!$D$5:$D$115,MATCH($C9,'Topic Plan'!$B$5:$B$115,0)),"")) | F9: =IF($C9="","",IFERROR(INDEX('Topic Plan'!$E$5:$E$115,MATCH($C9,'Topic Plan'!$B$5:$B$115,0)),"")) | V9: =IF(OR($A9="",$U9=""),"",IF($S9<>"",MAX(0,$S9-$U9),MAX(0,TODAY()-$U9))) | W9: =IF($A9="","",IF(OR($N9="Live",$N9="Retired"),"",TODAY()-MAX($O9,$P9,$Q9,$R9))) | Y9: =IF($A9="","",COUNTIFS('Issues Log'!$C$5:$C$504,$A9,'Issues Log'!$K$5:$K$504,"Open")+COUNTIFS('Issues Log'!$C$5:$C$504,$A9,'Issues Log'!$K$5:$K$504,"In progress"))
D10: =IF($C10="","",IFERROR(INDEX('Topic Plan'!$C$5:$C$115,MATCH($C10,'Topic Plan'!$B$5:$B$115,0)),"UNKNOWN TOPIC ID")) | E10: =IF($C10="","",IFERROR(INDEX('Topic Plan'!$D$5:$D$115,MATCH($C10,'Topic Plan'!$B$5:$B$115,0)),"")) | F10: =IF($C10="","",IFERROR(INDEX('Topic Plan'!$E$5:$E$115,MATCH($C10,'Topic Plan'!$B$5:$B$115,0)),"")) | V10: =IF(OR($A10="",$U10=""),"",IF($S10<>"",MAX(0,$S10-$U10),MAX(0,TODAY()-$U10))) | W10: =IF($A10="","",IF(OR($N10="Live",$N10="Retired"),"",TODAY()-MAX($O10,$P10,$Q10,$R10))) | Y10: =IF($A10="","",COUNTIFS('Issues Log'!$C$5:$C$504,$A10,'Issues Log'!$K$5:$K$504,"Open")+COUNTIFS('Issues Log'!$C$5:$C$504,$A10,'Issues Log'!$K$5:$K$504,"In progress"))
D11: =IF($C11="","",IFERROR(INDEX('Topic Plan'!$C$5:$C$115,MATCH($C11,'Topic Plan'!$B$5:$B$115,0)),"UNKNOWN TOPIC ID")) | E11: =IF($C11="","",IFERROR(INDEX('Topic Plan'!$D$5:$D$115,MATCH($C11,'Topic Plan'!$B$5:$B$115,0)),"")) | F11: =IF($C11="","",IFERROR(INDEX('Topic Plan'!$E$5:$E$115,MATCH($C11,'Topic Plan'!$B$5:$B$115,0)),"")) | V11: =IF(OR($A11="",$U11=""),"",IF($S11<>"",MAX(0,$S11-$U11),MAX(0,TODAY()-$U11))) | W11: =IF($A11="","",IF(OR($N11="Live",$N11="Retired"),"",TODAY()-MAX($O11,$P11,$Q11,$R11))) | Y11: =IF($A11="","",COUNTIFS('Issues Log'!$C$5:$C$504,$A11,'Issues Log'!$K$5:$K$504,"Open")+COUNTIFS('Issues Log'!$C$5:$C$504,$A11,'Issues Log'!$K$5:$K$504,"In progress"))
D12: =IF($C12="","",IFERROR(INDEX('Topic Plan'!$C$5:$C$115,MATCH($C12,'Topic Plan'!$B$5:$B$115,0)),"UNKNOWN TOPIC ID")) | E12: =IF($C12="","",IFERROR(INDEX('Topic Plan'!$D$5:$D$115,MATCH($C12,'Topic Plan'!$B$5:$B$115,0)),"")) | F12: =IF($C12="","",IFERROR(INDEX('Topic Plan'!$E$5:$E$115,MATCH($C12,'Topic Plan'!$B$5:$B$115,0)),"")) | V12: =IF(OR($A12="",$U12=""),"",IF($S12<>"",MAX(0,$S12-$U12),MAX(0,TODAY()-$U12))) | W12: =IF($A12="","",IF(OR($N12="Live",$N12="Retired"),"",TODAY()-MAX($O12,$P12,$Q12,$R12))) | Y12: =IF($A12="","",COUNTIFS('Issues Log'!$C$5:$C$504,$A12,'Issues Log'!$K$5:$K$504,"Open")+COUNTIFS('Issues Log'!$C$5:$C$504,$A12,'Issues Log'!$K$5:$K$504,"In progress"))
D13: =IF($C13="","",IFERROR(INDEX('Topic Plan'!$C$5:$C$115,MATCH($C13,'Topic Plan'!$B$5:$B$115,0)),"UNKNOWN TOPIC ID")) | E13: =IF($C13="","",IFERROR(INDEX('Topic Plan'!$D$5:$D$115,MATCH($C13,'Topic Plan'!$B$5:$B$115,0)),"")) | F13: =IF($C13="","",IFERROR(INDEX('Topic Plan'!$E$5:$E$115,MATCH($C13,'Topic Plan'!$B$5:$B$115,0)),"")) | V13: =IF(OR($A13="",$U13=""),"",IF($S13<>"",MAX(0,$S13-$U13),MAX(0,TODAY()-$U13))) | W13: =IF($A13="","",IF(OR($N13="Live",$N13="Retired"),"",TODAY()-MAX($O13,$P13,$Q13,$R13))) | Y13: =IF($A13="","",COUNTIFS('Issues Log'!$C$5:$C$504,$A13,'Issues Log'!$K$5:$K$504,"Open")+COUNTIFS('Issues Log'!$C$5:$C$504,$A13,'Issues Log'!$K$5:$K$504,"In progress"))
D14: =IF($C14="","",IFERROR(INDEX('Topic Plan'!$C$5:$C$115,MATCH($C14,'Topic Plan'!$B$5:$B$115,0)),"UNKNOWN TOPIC ID")) | E14: =IF($C14="","",IFERROR(INDEX('Topic Plan'!$D$5:$D$115,MATCH($C14,'Topic Plan'!$B$5:$B$115,0)),"")) | F14: =IF($C14="","",IFERROR(INDEX('Topic Plan'!$E$5:$E$115,MATCH($C14,'Topic Plan'!$B$5:$B$115,0)),"")) | V14: =IF(OR($A14="",$U14=""),"",IF($S14<>"",MAX(0,$S14-$U14),MAX(0,TODAY()-$U14))) | W14: =IF($A14="","",IF(OR($N14="Live",$N14="Retired"),"",TODAY()-MAX($O14,$P14,$Q14,$R14))) | Y14: =IF($A14="","",COUNTIFS('Issues Log'!$C$5:$C$504,$A14,'Issues Log'!$K$5:$K$504,"Open")+COUNTIFS('Issues Log'!$C$5:$C$504,$A14,'Issues Log'!$K$5:$K$504,"In progress"))
D15: =IF($C15="","",IFERROR(INDEX('Topic Plan'!$C$5:$C$115,MATCH($C15,'Topic Plan'!$B$5:$B$115,0)),"UNKNOWN TOPIC ID")) | E15: =IF($C15="","",IFERROR(INDEX('Topic Plan'!$D$5:$D$115,MATCH($C15,'Topic Plan'!$B$5:$B$115,0)),"")) | F15: =IF($C15="","",IFERROR(INDEX('Topic Plan'!$E$5:$E$115,MATCH($C15,'Topic Plan'!$B$5:$B$115,0)),"")) | V15: =IF(OR($A15="",$U15=""),"",IF($S15<>"",MAX(0,$S15-$U15),MAX(0,TODAY()-$U15))) | W15: =IF($A15="","",IF(OR($N15="Live",$N15="Retired"),"",TODAY()-MAX($O15,$P15,$Q15,$R15))) | Y15: =IF($A15="","",COUNTIFS('Issues Log'!$C$5:$C$504,$A15,'Issues Log'!$K$5:$K$504,"Open")+COUNTIFS('Issues Log'!$C$5:$C$504,$A15,'Issues Log'!$K$5:$K$504,"In progress"))
D16: =IF($C16="","",IFERROR(INDEX('Topic Plan'!$C$5:$C$115,MATCH($C16,'Topic Plan'!$B$5:$B$115,0)),"UNKNOWN TOPIC ID")) | E16: =IF($C16="","",IFERROR(INDEX('Topic Plan'!$D$5:$D$115,MATCH($C16,'Topic Plan'!$B$5:$B$115,0)),"")) | F16: =IF($C16="","",IFERROR(INDEX('Topic Plan'!$E$5:$E$115,MATCH($C16,'Topic Plan'!$B$5:$B$115,0)),"")) | V16: =IF(OR($A16="",$U16=""),"",IF($S16<>"",MAX(0,$S16-$U16),MAX(0,TODAY()-$U16))) | W16: =IF($A16="","",IF(OR($N16="Live",$N16="Retired"),"",TODAY()-MAX($O16,$P16,$Q16,$R16))) | Y16: =IF($A16="","",COUNTIFS('Issues Log'!$C$5:$C$504,$A16,'Issues Log'!$K$5:$K$504,"Open")+COUNTIFS('Issues Log'!$C$5:$C$504,$A16,'Issues Log'!$K$5:$K$504,"In progress"))
... D1004: =IF($C1004="","",IFERROR(INDEX('Topic Plan'!$C$5:$C$115,MATCH($C1004,'Topic Plan'!$B$5:$B$115,0)),"UNKNOWN TOPIC ID")) | E1004: =IF($C1004="","",IFERROR(INDEX('Topic Plan'!$D$5:$D$115,MATCH($C1004,'Topic Plan'!$B$5:$B$115,0)),"")) | F1004: =IF($C1004="","",IFERROR(INDEX('Topic Plan'!$E$5:$E$115,MATCH($C1004,'Topic Plan'!$B$5:$B$115,0)),"")) | V1004: =IF(OR($A1004="",$U1004=""),"",IF($S1004<>"",MAX(0,$S1004-$U1004),MAX(0,TODAY()-$U1004))) | W1004: =IF($A1004="","",IF(OR($N1004="Live",$N1004="Retired"),"",TODAY()-MAX($O1004,$P1004,$Q1004,$R1004))) | Y1004: =IF($A1004="","",COUNTIFS('Issues Log'!$C$5:$C$504,$A1004,'Issues Log'!$K$5:$K$504,"Open")+COUNTIFS('Issues Log'!$C$5:$C$504,$A1004,'Issues Log'!$K$5:$K$504,"In progress"))

Sheet Issues Log
A1: Issues Log
A2: Anything that blocks a chart entering the pool or casts doubt on one already in it. An answer-key dispute belongs here the day it is raised, not after it is settled.
A4: Issue ID | B4: Date raised | C4: Chart ID | D4: Topic ID | E4: Specialty | F4: Issue type | G4: Severity | H4: Description | I4: Raised by | J4: Owner | K4: Status | L4: Target resolution | M4: Date resolved | N4: Days open (auto) | O4: Overdue (auto) | P4: Resolution
N5: =IF($A5="","",IF($M5="",TODAY()-$B5,$M5-$B5)) | O5: =IF(OR($A5="",$L5=""),"",IF(OR($K5="Resolved",$K5="Will not fix"),"Closed",IF(TODAY()>$L5,"OVERDUE","On time")))
N6: =IF($A6="","",IF($M6="",TODAY()-$B6,$M6-$B6)) | O6: =IF(OR($A6="",$L6=""),"",IF(OR($K6="Resolved",$K6="Will not fix"),"Closed",IF(TODAY()>$L6,"OVERDUE","On time")))
N7: =IF($A7="","",IF($M7="",TODAY()-$B7,$M7-$B7)) | O7: =IF(OR($A7="",$L7=""),"",IF(OR($K7="Resolved",$K7="Will not fix"),"Closed",IF(TODAY()>$L7,"OVERDUE","On time")))
N8: =IF($A8="","",IF($M8="",TODAY()-$B8,$M8-$B8)) | O8: =IF(OR($A8="",$L8=""),"",IF(OR($K8="Resolved",$K8="Will not fix"),"Closed",IF(TODAY()>$L8,"OVERDUE","On time")))
N9: =IF($A9="","",IF($M9="",TODAY()-$B9,$M9-$B9)) | O9: =IF(OR($A9="",$L9=""),"",IF(OR($K9="Resolved",$K9="Will not fix"),"Closed",IF(TODAY()>$L9,"OVERDUE","On time")))
N10: =IF($A10="","",IF($M10="",TODAY()-$B10,$M10-$B10)) | O10: =IF(OR($A10="",$L10=""),"",IF(OR($K10="Resolved",$K10="Will not fix"),"Closed",IF(TODAY()>$L10,"OVERDUE","On time")))
N11: =IF($A11="","",IF($M11="",TODAY()-$B11,$M11-$B11)) | O11: =IF(OR($A11="",$L11=""),"",IF(OR($K11="Resolved",$K11="Will not fix"),"Closed",IF(TODAY()>$L11,"OVERDUE","On time")))
N12: =IF($A12="","",IF($M12="",TODAY()-$B12,$M12-$B12)) | O12: =IF(OR($A12="",$L12=""),"",IF(OR($K12="Resolved",$K12="Will not fix"),"Closed",IF(TODAY()>$L12,"OVERDUE","On time")))
N13: =IF($A13="","",IF($M13="",TODAY()-$B13,$M13-$B13)) | O13: =IF(OR($A13="",$L13=""),"",IF(OR($K13="Resolved",$K13="Will not fix"),"Closed",IF(TODAY()>$L13,"OVERDUE","On time")))
N14: =IF($A14="","",IF($M14="",TODAY()-$B14,$M14-$B14)) | O14: =IF(OR($A14="",$L14=""),"",IF(OR($K14="Resolved",$K14="Will not fix"),"Closed",IF(TODAY()>$L14,"OVERDUE","On time")))
N15: =IF($A15="","",IF($M15="",TODAY()-$B15,$M15-$B15)) | O15: =IF(OR($A15="",$L15=""),"",IF(OR($K15="Resolved",$K15="Will not fix"),"Closed",IF(TODAY()>$L15,"OVERDUE","On time")))
N16: =IF($A16="","",IF($M16="",TODAY()-$B16,$M16-$B16)) | O16: =IF(OR($A16="",$L16=""),"",IF(OR($K16="Resolved",$K16="Will not fix"),"Closed",IF(TODAY()>$L16,"OVERDUE","On time")))
... N504: =IF($A504="","",IF($M504="",TODAY()-$B504,$M504-$B504)) | O504: =IF(OR($A504="",$L504=""),"",IF(OR($K504="Resolved",$K504="Will not fix"),"Closed",IF(TODAY()>$L504,"OVERDUE","On time")))
A506: An answer-key issue is not an ordinary defect. A wrong key silently grades everyone against it, so a chart with a suspected key problem goes On hold in the register until the issue is closed, rather than staying live while the dispute runs.
A507: Days open counts to today while the issue is open and freezes at the resolution date once it closes, so the column is a live age and a historical duration in the same place.

Sheet Topic Plan
A1: Topic Plan — target against actual, topic by topic
A2: Targets come from the composition taxonomy. Everything from column I rightwards counts the register, so it is live the moment a chart is logged.
A4: Specialty | B4: Topic ID | C4: Topic | D4: Coverage category | E4: Build priority | F4: Difficulty skew | G4: Primary sourcing channel | H4: Target charts | I4: Rows logged | J4: Live | K4: In build | L4: On hold | M4: Retired | N4: % of target | O4: Gap to target | P4: Gap status (HC section 9) | Q4: Expected complete | R4: Days vs expected | S4: Open issues
A5: IP-DRG | B5: IPD-01 | C5: Vaginal delivery and complications of labour | D5: Medical DRGs | E5: P1 | F5: Complex-led | G5: C6 Customer escalations | H5: 35 | I5: =COUNTIFS('Chart Register'!$C$5:$C$1004,$B5) | J5: =COUNTIFS('Chart Register'!$C$5:$C$1004,$B5,'Chart Register'!$N$5:$N$1004,"Live") | K5: =I5-J5-L5-M5 | L5: =COUNTIFS('Chart Register'!$C$5:$C$1004,$B5,'Chart Register'!$N$5:$N$1004,"On hold") | M5: =COUNTIFS('Chart Register'!$C$5:$C$1004,$B5,'Chart Register'!$N$5:$N$1004,"Retired") | N5: =IF($H5=0,"NA",J5/$H5) | O5: =$H5-J5 | P5: =IF($H5=0,"NA",IF(J5>=$H5,"Complete",IF(J5/$H5>='Schedule Model'!$C$8,"At or above threshold","BELOW THRESHOLD — source now"))) | Q5: =IF('Schedule Model'!$G$12="NA","NA",INT('Schedule Model'!$C$5+0.050215*'Schedule Model'!$G$12*7)) | R5: =IF(OR($H5=0,NOT(ISNUMBER(Q5))),"NA",IF(J5>=$H5,"On target",IF(TODAY()<=Q5,"Not yet due",TODAY()-Q5))) | S5: =COUNTIFS('Issues Log'!$D$5:$D$504,$B5,'Issues Log'!$K$5:$K$504,"Open")+COUNTIFS('Issues Log'!$D$5:$D$504,$B5,'Issues Log'!$K$5:$K$504,"In progress")
A6: IP-DRG | B6: IPD-02 | C6: Normal newborn and newborn with condition | D6: Medical DRGs | E6: P1 | F6: Moderate-led | G6: C1 High error rate | H6: 28 | I6: =COUNTIFS('Chart Register'!$C$5:$C$1004,$B6) | J6: =COUNTIFS('Chart Register'!$C$5:$C$1004,$B6,'Chart Register'!$N$5:$N$1004,"Live") | K6: =I6-J6-L6-M6 | L6: =COUNTIFS('Chart Register'!$C$5:$C$1004,$B6,'Chart Register'!$N$5:$N$1004,"On hold") | M6: =COUNTIFS('Chart Register'!$C$5:$C$1004,$B6,'Chart Register'!$N$5:$N$1004,"Retired") | N6: =IF($H6=0,"NA",J6/$H6) | O6: =$H6-J6 | P6: =IF($H6=0,"NA",IF(J6>=$H6,"Complete",IF(J6/$H6>='Schedule Model'!$C$8,"At or above threshold","BELOW THRESHOLD — source now"))) | Q6: =IF('Schedule Model'!$G$12="NA","NA",INT('Schedule Model'!$C$5+0.090387*'Schedule Model'!$G$12*7)) | R6: =IF(OR($H6=0,NOT(ISNUMBER(Q6))),"NA",IF(J6>=$H6,"On target",IF(TODAY()<=Q6,"Not yet due",TODAY()-Q6))) | S6: =COUNTIFS('Issues Log'!$D$5:$D$504,$B6,'Issues Log'!$K$5:$K$504,"Open")+COUNTIFS('Issues Log'!$D$5:$D$504,$B6,'Issues Log'!$K$5:$K$504,"In progress")
A7: IP-DRG | B7: IPD-03 | C7: Neonatal and NICU admissions | D7: Medical DRGs | E7: P1 | F7: Complex-led | G7: C2 High dollar value | H7: 14 | I7: =COUNTIFS('Chart Register'!$C$5:$C$1004,$B7) | J7: =COUNTIFS('Chart Register'!$C$5:$C$1004,$B7,'Chart Register'!$N$5:$N$1004,"Live") | K7: =I7-J7-L7-M7 | L7: =COUNTIFS('Chart Register'!$C$5:$C$1004,$B7,'Chart Register'!$N$5:$N$1004,"On hold") | M7: =COUNTIFS('Chart Register'!$C$5:$C$1004,$B7,'Chart Register'!$N$5:$N$1004,"Retired") | N7: =IF($H7=0,"NA",J7/$H7) | O7: =$H7-J7 | P7: =IF($H7=0,"NA",IF(J7>=$H7,"Complete",IF(J7/$H7>='Schedule Model'!$C$8,"At or above threshold","BELOW THRESHOLD — source now"))) | Q7: =IF('Schedule Model'!$G$12="NA","NA",INT('Schedule Model'!$C$5+0.110473*'Schedule Model'!$G$12*7)) | R7: =IF(OR($H7=0,NOT(ISNUMBER(Q7))),"NA",IF(J7>=$H7,"On target",IF(TODAY()<=Q7,"Not yet due",TODAY()-Q7))) | S7: =COUNTIFS('Issues Log'!$D$5:$D$504,$B7,'Issues Log'!$K$5:$K$504,"Open")+COUNTIFS('Issues Log'!$D$5:$D$504,$B7,'Issues Log'!$K$5:$K$504,"In progress")
A8: IP-DRG | B8: IPD-04 | C8: Antepartum and postpartum medical admissions | D8: Medical DRGs | E8: P1 | F8: Complex-led | G8: C1 High error rate | H8: 14 | I8: =COUNTIFS('Chart Register'!$C$5:$C$1004,$B8) | J8: =COUNTIFS('Chart Register'!$C$5:$C$1004,$B8,'Chart Register'!$N$5:$N$1004,"Live") | K8: =I8-J8-L8-M8 | L8: =COUNTIFS('Chart Register'!$C$5:$C$1004,$B8,'Chart Register'!$N$5:$N$1004,"On hold") | M8: =COUNTIFS('Chart Register'!$C$5:$C$1004,$B8,'Chart Register'!$N$5:$N$1004,"Retired") | N8: =IF($H8=0,"NA",J8/$H8) | O8: =$H8-J8 | P8: =IF($H8=0,"NA",IF(J8>=$H8,"Complete",IF(J8/$H8>='Schedule Model'!$C$8,"At or above threshold","BELOW THRESHOLD — source now"))) | Q8: =IF('Schedule Model'!$G$12="NA","NA",INT('Schedule Model'!$C$5+0.13056*'Schedule Model'!$G$12*7)) | R8: =IF(OR($H8=0,NOT(ISNUMBER(Q8))),"NA",IF(J8>=$H8,"On target",IF(TODAY()<=Q8,"Not yet due",TODAY()-Q8))) | S8: =COUNTIFS('Issues Log'!$D$5:$D$504,$B8,'Issues Log'!$K$5:$K$504,"Open")+COUNTIFS('Issues Log'!$D$5:$D$504,$B8,'Issues Log'!$K$5:$K$504,"In progress")
A9: IP-DRG | B9: IPD-15 | C9: Caesarean delivery | D9: Surgical DRGs | E9: P1 | F9: Complex-led | G9: C1 High error rate | H9: 28 | I9: =COUNTIFS('Chart Register'!$C$5:$C$1004,$B9) | J9: =COUNTIFS('Chart Register'!$C$5:$C$1004,$B9,'Chart Register'!$N$5:$N$1004,"Live") | K9: =I9-J9-L9-M9 | L9: =COUNTIFS('Chart Register'!$C$5:$C$1004,$B9,'Chart Register'!$N$5:$N$1004,"On hold") | M9: =COUNTIFS('Chart Register'!$C$5:$C$1004,$B9,'Chart Register'!$N$5:$N$1004,"Retired") | N9: =IF($H9=0,"NA",J9/$H9) | O9: =$H9-J9 | P9: =IF($H9=0,"NA",IF(J9>=$H9,"Complete",IF(J9/$H9>='Schedule Model'!$C$8,"At or above threshold","BELOW THRESHOLD — source now"))) | Q9: =IF('Schedule Model'!$G$12="NA","NA",INT('Schedule Model'!$C$5+0.170732*'Schedule Model'!$G$12*7)) | R9: =IF(OR($H9=0,NOT(ISNUMBER(Q9))),"NA",IF(J9>=$H9,"On target",IF(TODAY()<=Q9,"Not yet due",TODAY()-Q9))) | S9: =COUNTIFS('Issues Log'!$D$5:$D$504,$B9,'Issues Log'!$K$5:$K$504,"Open")+COUNTIFS('Issues Log'!$D$5:$D$504,$B9,'Issues Log'!$K$5:$K$504,"In progress")
A10: IP-DRG | B10: IPD-16 | C10: Obstetric and postpartum surgical procedures | D10: Surgical DRGs | E10: P1 | F10: Complex-led | G10: C6 Customer escalations | H10: 14 | I10: =COUNTIFS('Chart Register'!$C$5:$C$1004,$B10) | J10: =COUNTIFS('Chart Register'!$C$5:$C$1004,$B10,'Chart Register'!$N$5:$N$1004,"Live") | K10: =I10-J10-L10-M10 | L10: =COUNTIFS('Chart Register'!$C$5:$C$1004,$B10,'Chart Register'!$N$5:$N$1004,"On hold") | M10: =COUNTIFS('Chart Register'!$C$5:$C$1004,$B10,'Chart Register'!$N$5:$N$1004,"Retired") | N10: =IF($H10=0,"NA",J10/$H10) | O10: =$H10-J10 | P10: =IF($H10=0,"NA",IF(J10>=$H10,"Complete",IF(J10/$H10>='Schedule Model'!$C$8,"At or above threshold","BELOW THRESHOLD — source now"))) | Q10: =IF('Schedule Model'!$G$12="NA","NA",INT('Schedule Model'!$C$5+0.190818*'Schedule Model'!$G$12*7)) | R10: =IF(OR($H10=0,NOT(ISNUMBER(Q10))),"NA",IF(J10>=$H10,"On target",IF(TODAY()<=Q10,"Not yet due",TODAY()-Q10))) | S10: =COUNTIFS('Issues Log'!$D$5:$D$504,$B10,'Issues Log'!$K$5:$K$504,"Open")+COUNTIFS('Issues Log'!$D$5:$D$504,$B10,'Issues Log'!$K$5:$K$504,"In progress")
A11: IP-DRG | B11: IPD-05 | C11: Digestive medical — GI bleed, pancreatitis, obstruction | D11: Medical DRGs | E11: P2 | F11: Moderate-led | G11: C1 High error rate | H11: 42 | I11: =COUNTIFS('Chart Register'!$C$5:$C$1004,$B11) | J11: =COUNTIFS('Chart Register'!$C$5:$C$1004,$B11,'Chart Register'!$N$5:$N$1004,"Live") | K11: =I11-J11-L11-M11 | L11: =COUNTIFS('Chart Register'!$C$5:$C$1004,$B11,'Chart Register'!$N$5:$N$1004,"On hold") | M11: =COUNTIFS('Chart Register'!$C$5:$C$1004,$B11,'Chart Register'!$N$5:$N$1004,"Retired") | N11: =IF($H11=0,"NA",J11/$H11) | O11: =$H11-J11 | P11: =IF($H11=0,"NA",IF(J11>=$H11,"Complete",IF(J11/$H11>='Schedule Model'!$C$8,"At or above threshold","BELOW THRESHOLD — source now"))) | Q11: =IF('Schedule Model'!$G$12="NA","NA",INT('Schedule Model'!$C$5+0.251076*'Schedule Model'!$G$12*7)) | R11: =IF(OR($H11=0,NOT(ISNUMBER(Q11))),"NA",IF(J11>=$H11,"On target",IF(TODAY()<=Q11,"Not yet due",TODAY()-Q11))) | S11: =COUNTIFS('Issues Log'!$D$5:$D$504,$B11,'Issues Log'!$K$5:$K$504,"Open")+COUNTIFS('Issues Log'!$D$5:$D$504,$B11,'Issues Log'!$K$5:$K$504,"In progress")
A12: IP-DRG | B12: IPD-06 | C12: Respiratory — pneumonia, COPD exacerbation, respiratory failure | D12: Medical DRGs | E12: P2 | F12: Moderate-led | G12: C1 High error rate | H12: 49 | I12: =COUNTIFS('Chart Register'!$C$5:$C$1004,$B12) | J12: =COUNTIFS('Chart Register'!$C$5:$C$1004,$B12,'Chart Register'!$N$5:$N$1004,"Live") | K12: =I12-J12-L12-M12 | L12: =COUNTIFS('Chart Register'!$C$5:$C$1004,$B12,'Chart Register'!$N$5:$N$1004,"On hold") | M12: =COUNTIFS('Chart Register'!$C$5:$C$1004,$B12,'Chart Register'!$N$5:$N$1004,"Retired") | N12: =IF($H12=0,"NA",J12/$H12) | O12: =$H12-J12 | P12: =IF($H12=0,"NA",IF(J12>=$H12,"Complete",IF(J12/$H12>='Schedule Model'!$C$8,"At or above threshold","BELOW THRESHOLD — source now"))) | Q12: =IF('Schedule Model'!$G$12="NA","NA",INT('Schedule Model'!$C$5+0.321377*'Schedule Model'!$G$12*7)) | R12: =IF(OR($H12=0,NOT(ISNUMBER(Q12))),"NA",IF(J12>=$H12,"On target",IF(TODAY()<=Q12,"Not yet due",TODAY()-Q12))) | S12: =COUNTIFS('Issues Log'!$D$5:$D$504,$B12,'Issues Log'!$K$5:$K$504,"Open")+COUNTIFS('Issues Log'!$D$5:$D$504,$B12,'Issues Log'!$K$5:$K$504,"In progress")
A13: IP-DRG | B13: IPD-07 | C13: Circulatory medical — heart failure, AMI, arrhythmia | D13: Medical DRGs | E13: P2 | F13: Moderate-led | G13: C5 DRGV trending PCS / DRG | H13: 42 | I13: =COUNTIFS('Chart Register'!$C$5:$C$1004,$B13) | J13: =COUNTIFS('Chart Register'!$C$5:$C$1004,$B13,'Chart Register'!$N$5:$N$1004,"Live") | K13: =I13-J13-L13-M13 | L13: =COUNTIFS('Chart Register'!$C$5:$C$1004,$B13,'Chart Register'!$N$5:$N$1004,"On hold") | M13: =COUNTIFS('Chart Register'!$C$5:$C$1004,$B13,'Chart Register'!$N$5:$N$1004,"Retired") | N13: =IF($H13=0,"NA",J13/$H13) | O13: =$H13-J13 | P13: =IF($H13=0,"NA",IF(J13>=$H13,"Complete",IF(J13/$H13>='Schedule Model'!$C$8,"At or above threshold","BELOW THRESHOLD — source now"))) | Q13: =IF('Schedule Model'!$G$12="NA","NA",INT('Schedule Model'!$C$5+0.381636*'Schedule Model'!$G$12*7)) | R13: =IF(OR($H13=0,NOT(ISNUMBER(Q13))),"NA",IF(J13>=$H13,"On target",IF(TODAY()<=Q13,"Not yet due",TODAY()-Q13))) | S13: =COUNTIFS('Issues Log'!$D$5:$D$504,$B13,'Issues Log'!$K$5:$K$504,"Open")+COUNTIFS('Issues Log'!$D$5:$D$504,$B13,'Issues Log'!$K$5:$K$504,"In progress")
A14: IP-DRG | B14: IPD-08 | C14: Sepsis, severe sepsis and septic shock | D14: Medical DRGs | E14: P2 | F14: Complex-led | G14: C1 High error rate | H14: 49 | I14: =COUNTIFS('Chart Register'!$C$5:$C$1004,$B14) | J14: =COUNTIFS('Chart Register'!$C$5:$C$1004,$B14,'Chart Register'!$N$5:$N$1004,"Live") | K14: =I14-J14-L14-M14 | L14: =COUNTIFS('Chart Register'!$C$5:$C$1004,$B14,'Chart Register'!$N$5:$N$1004,"On hold") | M14: =COUNTIFS('Chart Register'!$C$5:$C$1004,$B14,'Chart Register'!$N$5:$N$1004,"Retired") | N14: =IF($H14=0,"NA",J14/$H14) | O14: =$H14-J14 | P14: =IF($H14=0,"NA",IF(J14>=$H14,"Complete",IF(J14/$H14>='Schedule Model'!$C$8,"At or above threshold","BELOW THRESHOLD — source now"))) | Q14: =IF('Schedule Model'!$G$12="NA","NA",INT('Schedule Model'!$C$5+0.451937*'Schedule Model'!$G$12*7)) | R14: =IF(OR($H14=0,NOT(ISNUMBER(Q14))),"NA",IF(J14>=$H14,"On target",IF(TODAY()<=Q14,"Not yet due",TODAY()-Q14))) | S14: =COUNTIFS('Issues Log'!$D$5:$D$504,$B14,'Issues Log'!$K$5:$K$504,"Open")+COUNTIFS('Issues Log'!$D$5:$D$504,$B14,'Issues Log'!$K$5:$K$504,"In progress")
A15: IP-DRG | B15: IPD-09 | C15: Nervous system medical — CVA, TIA, intracranial haemorrhage | D15: Medical DRGs | E15: P2 | F15: Complex-led | G15: C2 High dollar value | H15: 28 | I15: =COUNTIFS('Chart Register'!$C$5:$C$1004,$B15) | J15: =COUNTIFS('Chart Register'!$C$5:$C$1004,$B15,'Chart Register'!$N$5:$N$1004,"Live") | K15: =I15-J15-L15-M15 | L15: =COUNTIFS('Chart Register'!$C$5:$C$1004,$B15,'Chart Register'!$N$5:$N$1004,"On hold") | M15: =COUNTIFS('Chart Register'!$C$5:$C$1004,$B15,'Chart Register'!$N$5:$N$1004,"Retired") | N15: =IF($H15=0,"NA",J15/$H15) | O15: =$H15-J15 | P15: =IF($H15=0,"NA",IF(J15>=$H15,"Complete",IF(J15/$H15>='Schedule Model'!$C$8,"At or above threshold","BELOW THRESHOLD — source now"))) | Q15: =IF('Schedule Model'!$G$12="NA","NA",INT('Schedule Model'!$C$5+0.492109*'Schedule Model'!$G$12*7)) | R15: =IF(OR($H15=0,NOT(ISNUMBER(Q15))),"NA",IF(J15>=$H15,"On target",IF(TODAY()<=Q15,"Not yet due",TODAY()-Q15))) | S15: =COUNTIFS('Issues Log'!$D$5:$D$504,$B15,'Issues Log'!$K$5:$K$504,"Open")+COUNTIFS('Issues Log'!$D$5:$D$504,$B15,'Issues Log'!$K$5:$K$504,"In progress")
A16: IP-DRG | B16: IPD-10 | C16: Kidney and urinary — AKI, CKD, UTI | D16: Medical DRGs | E16: P2 | F16: Moderate-led | G16: C1 High error rate | H16: 21 | I16: =COUNTIFS('Chart Register'!$C$5:$C$1004,$B16) | J16: =COUNTIFS('Chart Register'!$C$5:$C$1004,$B16,'Chart Register'!$N$5:$N$1004,"Live") | K16: =I16-J16-L16-M16 | L16: =COUNTIFS('Chart Register'!$C$5:$C$1004,$B16,'Chart Register'!$N$5:$N$1004,"On hold") | M16: =COUNTIFS('Chart Register'!$C$5:$C$1004,$B16,'Chart Register'!$N$5:$N$1004,"Retired") | N16: =IF($H16=0,"NA",J16/$H16) | O16: =$H16-J16 | P16: =IF($H16=0,"NA",IF(J16>=$H16,"Complete",IF(J16/$H16>='Schedule Model'!$C$8,"At or above threshold","BELOW THRESHOLD — source now"))) | Q16: =IF('Schedule Model'!$G$12="NA","NA",INT('Schedule Model'!$C$5+0.522238*'Schedule Model'!$G$12*7)) | R16: =IF(OR($H16=0,NOT(ISNUMBER(Q16))),"NA",IF(J16>=$H16,"On target",IF(TODAY()<=Q16,"Not yet due",TODAY()-Q16))) | S16: =COUNTIFS('Issues Log'!$D$5:$D$504,$B16,'Issues Log'!$K$5:$K$504,"Open")+COUNTIFS('Issues Log'!$D$5:$D$504,$B16,'Issues Log'!$K$5:$K$504,"In progress")
A17: IP-DRG | B17: IPD-11 | C17: Endocrine and metabolic — DKA, malnutrition, electrolyte disorders | D17: Medical DRGs | E17: P2 | F17: Complex-led | G17: C1 High error rate | H17: 21 | I17: =COUNTIFS('Chart Register'!$C$5:$C$1004,$B17) | J17: =COUNTIFS('Chart Register'!$C$5:$C$1004,$B17,'Chart Register'!$N$5:$N$1004,"Live") | K17: =I17-J17-L17-M17 | L17: =COUNTIFS('Chart Register'!$C$5:$C$1004,$B17,'Chart Register'!$N$5:$N$1004,"On hold") | M17: =COUNTIFS('Chart Register'!$C$5:$C$1004,$B17,'Chart Register'!$N$5:$N$1004,"Retired") | N17: =IF($H17=0,"NA",J17/$H17) | O17: =$H17-J17 | P17: =IF($H17=0,"NA",IF(J17>=$H17,"Complete",IF(J17/$H17>='Schedule Model'!$C$8,"At or above threshold","BELOW THRESHOLD — source now"))) | Q17: =IF('Schedule Model'!$G$12="NA","NA",INT('Schedule Model'!$C$5+0.552367*'Schedule Model'!$G$12*7)) | R17: =IF(OR($H17=0,NOT(ISNUMBER(Q17))),"NA",IF(J17>=$H17,"On target",IF(TODAY()<=Q17,"Not yet due",TODAY()-Q17))) | S17: =COUNTIFS('Issues Log'!$D$5:$D$504,$B17,'Issues Log'!$K$5:$K$504,"Open")+COUNTIFS('Issues Log'!$D$5:$D$504,$B17,'Issues Log'!$K$5:$K$504,"In progress")
A18: IP-DRG | B18: IPD-12 | C18: Haematology and oncology — medical admissions | D18: Medical DRGs | E18: P2 | F18: Complex-led | G18: C6 Customer escalations | H18: 21 | I18: =COUNTIFS('Chart Register'!$C$5:$C$1004,$B18) | J18: =COUNTIFS('Chart Register'!$C$5:$C$1004,$B18,'Chart Register'!$N$5:$N$1004,"Live") | K18: =I18-J18-L18-M18 | L18: =COUNTIFS('Chart Register'!$C$5:$C$1004,$B18,'Chart Register'!$N$5:$N$1004,"On hold") | M18: =COUNTIFS('Chart Register'!$C$5:$C$1004,$B18,'Chart Register'!$N$5:$N$1004,"Retired") | N18: =IF($H18=0,"NA",J18/$H18) | O18: =$H18-J18 | P18: =IF($H18=0,"NA",IF(J18>=$H18,"Complete",IF(J18/$H18>='Schedule Model'!$C$8,"At or above threshold","BELOW THRESHOLD — source now"))) | Q18: =IF('Schedule Model'!$G$12="NA","NA",INT('Schedule Model'!$C$5+0.582496*'Schedule Model'!$G$12*7)) | R18: =IF(OR($H18=0,NOT(ISNUMBER(Q18))),"NA",IF(J18>=$H18,"On target",IF(TODAY()<=Q18,"Not yet due",TODAY()-Q18))) | S18: =COUNTIFS('Issues Log'!$D$5:$D$504,$B18,'Issues Log'!$K$5:$K$504,"Open")+COUNTIFS('Issues Log'!$D$5:$D$504,$B18,'Issues Log'!$K$5:$K$504,"In progress")
A19: IP-DRG | B19: IPD-17 | C19: Digestive surgical — bowel resection, cholecystectomy, hernia repair | D19: Surgical DRGs | E19: P2 | F19: Moderate-led | G19: C8 Foundation | H19: 55 | I19: =COUNTIFS('Chart Register'!$C$5:$C$1004,$B19) | J19: =COUNTIFS('Chart Register'!$C$5:$C$1004,$B19,'Chart Register'!$N$5:$N$1004,"Live") | K19: =I19-J19-L19-M19 | L19: =COUNTIFS('Chart Register'!$C$5:$C$1004,$B19,'Chart Register'!$N$5:$N$1004,"On hold") | M19: =COUNTIFS('Chart Register'!$C$5:$C$1004,$B19,'Chart Register'!$N$5:$N$1004,"Retired") | N19: =IF($H19=0,"NA",J19/$H19) | O19: =$H19-J19 | P19: =IF($H19=0,"NA",IF(J19>=$H19,"Complete",IF(J19/$H19>='Schedule Model'!$C$8,"At or above threshold","BELOW THRESHOLD — source now"))) | Q19: =IF('Schedule Model'!$G$12="NA","NA",INT('Schedule Model'!$C$5+0.661406*'Schedule Model'!$G$12*7)) | R19: =IF(OR($H19=0,NOT(ISNUMBER(Q19))),"NA",IF(J19>=$H19,"On target",IF(TODAY()<=Q19,"Not yet due",TODAY()-Q19))) | S19: =COUNTIFS('Issues Log'!$D$5:$D$504,$B19,'Issues Log'!$K$5:$K$504,"Open")+COUNTIFS('Issues Log'!$D$5:$D$504,$B19,'Issues Log'!$K$5:$K$504,"In progress")
A20: IP-DRG | B20: IPD-18 | C20: Cardiovascular surgical — CABG, valve, PCI, EP procedures | D20: Surgical DRGs | E20: P2 | F20: Complex-led | G20: C2 High dollar value | H20: 55 | I20: =COUNTIFS('Chart Register'!$C$5:$C$1004,$B20) | J20: =COUNTIFS('Chart Register'!$C$5:$C$1004,$B20,'Chart Register'!$N$5:$N$1004,"Live") | K20: =I20-J20-L20-M20 | L20: =COUNTIFS('Chart Register'!$C$5:$C$1004,$B20,'Chart Register'!$N$5:$N$1004,"On hold") | M20: =COUNTIFS('Chart Register'!$C$5:$C$1004,$B20,'Chart Register'!$N$5:$N$1004,"Retired") | N20: =IF($H20=0,"NA",J20/$H20) | O20: =$H20-J20 | P20: =IF($H20=0,"NA",IF(J20>=$H20,"Complete",IF(J20/$H20>='Schedule Model'!$C$8,"At or above threshold","BELOW THRESHOLD — source now"))) | Q20: =IF('Schedule Model'!$G$12="NA","NA",INT('Schedule Model'!$C$5+0.740316*'Schedule Model'!$G$12*7)) | R20: =IF(OR($H20=0,NOT(ISNUMBER(Q20))),"NA",IF(J20>=$H20,"On target",IF(TODAY()<=Q20,"Not yet due",TODAY()-Q20))) | S20: =COUNTIFS('Issues Log'!$D$5:$D$504,$B20,'Issues Log'!$K$5:$K$504,"Open")+COUNTIFS('Issues Log'!$D$5:$D$504,$B20,'Issues Log'!$K$5:$K$504,"In progress")
A21: IP-DRG | B21: IPD-19 | C21: Respiratory surgical — thoracotomy, tracheostomy, lung resection | D21: Surgical DRGs | E21: P2 | F21: Complex-led | G21: C5 DRGV trending PCS / DRG | H21: 21 | I21: =COUNTIFS('Chart Register'!$C$5:$C$1004,$B21) | J21: =COUNTIFS('Chart Register'!$C$5:$C$1004,$B21,'Chart Register'!$N$5:$N$1004,"Live") | K21: =I21-J21-L21-M21 | L21: =COUNTIFS('Chart Register'!$C$5:$C$1004,$B21,'Chart Register'!$N$5:$N$1004,"On hold") | M21: =COUNTIFS('Chart Register'!$C$5:$C$1004,$B21,'Chart Register'!$N$5:$N$1004,"Retired") | N21: =IF($H21=0,"NA",J21/$H21) | O21: =$H21-J21 | P21: =IF($H21=0,"NA",IF(J21>=$H21,"Complete",IF(J21/$H21>='Schedule Model'!$C$8,"At or above threshold","BELOW THRESHOLD — source now"))) | Q21: =IF('Schedule Model'!$G$12="NA","NA",INT('Schedule Model'!$C$5+0.770445*'Schedule Model'!$G$12*7)) | R21: =IF(OR($H21=0,NOT(ISNUMBER(Q21))),"NA",IF(J21>=$H21,"On target",IF(TODAY()<=Q21,"Not yet due",TODAY()-Q21))) | S21: =COUNTIFS('Issues Log'!$D$5:$D$504,$B21,'Issues Log'!$K$5:$K$504,"Open")+COUNTIFS('Issues Log'!$D$5:$D$504,$B21,'Issues Log'!$K$5:$K$504,"In progress")
A22: IP-DRG | B22: IPD-20 | C22: Musculoskeletal — joint replacement, spinal fusion, fracture fixation | D22: Surgical DRGs | E22: P2 | F22: Moderate-led | G22: C5 DRGV trending PCS / DRG | H22: 62 | I22: =COUNTIFS('Chart Register'!$C$5:$C$1004,$B22) | J22: =COUNTIFS('Chart Register'!$C$5:$C$1004,$B22,'Chart Register'!$N$5:$N$1004,"Live") | K22: =I22-J22-L22-M22 | L22: =COUNTIFS('Chart Register'!$C$5:$C$1004,$B22,'Chart Register'!$N$5:$N$1004,"On hold") | M22: =COUNTIFS('Chart Register'!$C$5:$C$1004,$B22,'Chart Register'!$N$5:$N$1004,"Retired") | N22: =IF($H22=0,"NA",J22/$H22) | O22: =$H22-J22 | P22: =IF($H22=0,"NA",IF(J22>=$H22,"Complete",IF(J22/$H22>='Schedule Model'!$C$8,"At or above threshold","BELOW THRESHOLD — source now"))) | Q22: =IF('Schedule Model'!$G$12="NA","NA",INT('Schedule Model'!$C$5+0.859397*'Schedule Model'!$G$12*7)) | R22: =IF(OR($H22=0,NOT(ISNUMBER(Q22))),"NA",IF(J22>=$H22,"On target",IF(TODAY()<=Q22,"Not yet due",TODAY()-Q22))) | S22: =COUNTIFS('Issues Log'!$D$5:$D$504,$B22,'Issues Log'!$K$5:$K$504,"Open")+COUNTIFS('Issues Log'!$D$5:$D$504,$B22,'Issues Log'!$K$5:$K$504,"In progress")
A23: IP-DRG | B23: IPD-21 | C23: Nervous system surgical — craniotomy, shunt, spine decompression | D23: Surgical DRGs | E23: P2 | F23: Complex-led | G23: C2 High dollar value | H23: 28 | I23: =COUNTIFS('Chart Register'!$C$5:$C$1004,$B23) | J23: =COUNTIFS('Chart Register'!$C$5:$C$1004,$B23,'Chart Register'!$N$5:$N$1004,"Live") | K23: =I23-J23-L23-M23 | L23: =COUNTIFS('Chart Register'!$C$5:$C$1004,$B23,'Chart Register'!$N$5:$N$1004,"On hold") | M23: =COUNTIFS('Chart Register'!$C$5:$C$1004,$B23,'Chart Register'!$N$5:$N$1004,"Retired") | N23: =IF($H23=0,"NA",J23/$H23) | O23: =$H23-J23 | P23: =IF($H23=0,"NA",IF(J23>=$H23,"Complete",IF(J23/$H23>='Schedule Model'!$C$8,"At or above threshold","BELOW THRESHOLD — source now"))) | Q23: =IF('Schedule Model'!$G$12="NA","NA",INT('Schedule Model'!$C$5+0.89957*'Schedule Model'!$G$12*7)) | R23: =IF(OR($H23=0,NOT(ISNUMBER(Q23))),"NA",IF(J23>=$H23,"On target",IF(TODAY()<=Q23,"Not yet due",TODAY()-Q23))) | S23: =COUNTIFS('Issues Log'!$D$5:$D$504,$B23,'Issues Log'!$K$5:$K$504,"Open")+COUNTIFS('Issues Log'!$D$5:$D$504,$B23,'Issues Log'!$K$5:$K$504,"In progress")
A24: IP-DRG | B24: IPD-22 | C24: Genitourinary surgical | D24: Surgical DRGs | E24: P2 | F24: Moderate-led | G24: C8 Foundation | H24: 21 | I24: =COUNTIFS('Chart Register'!$C$5:$C$1004,$B24) | J24: =COUNTIFS('Chart Register'!$C$5:$C$1004,$B24,'Chart Register'!$N$5:$N$1004,"Live") | K24: =I24-J24-L24-M24 | L24: =COUNTIFS('Chart Register'!$C$5:$C$1004,$B24,'Chart Register'!$N$5:$N$1004,"On hold") | M24: =COUNTIFS('Chart Register'!$C$5:$C$1004,$B24,'Chart Register'!$N$5:$N$1004,"Retired") | N24: =IF($H24=0,"NA",J24/$H24) | O24: =$H24-J24 | P24: =IF($H24=0,"NA",IF(J24>=$H24,"Complete",IF(J24/$H24>='Schedule Model'!$C$8,"At or above threshold","BELOW THRESHOLD — source now"))) | Q24: =IF('Schedule Model'!$G$12="NA","NA",INT('Schedule Model'!$C$5+0.929699*'Schedule Model'!$G$12*7)) | R24: =IF(OR($H24=0,NOT(ISNUMBER(Q24))),"NA",IF(J24>=$H24,"On target",IF(TODAY()<=Q24,"Not yet due",TODAY()-Q24))) | S24: =COUNTIFS('Issues Log'!$D$5:$D$504,$B24,'Issues Log'!$K$5:$K$504,"Open")+COUNTIFS('Issues Log'!$D$5:$D$504,$B24,'Issues Log'!$K$5:$K$504,"In progress")
A25: IP-DRG | B25: IPD-13 | C25: Mental health and substance use | D25: Medical DRGs | E25: P3 | F25: Basic-led | G25: C8 Foundation | H25: 14 | I25: =COUNTIFS('Chart Register'!$C$5:$C$1004,$B25) | J25: =COUNTIFS('Chart Register'!$C$5:$C$1004,$B25,'Chart Register'!$N$5:$N$1004,"Live") | K25: =I25-J25-L25-M25 | L25: =COUNTIFS('Chart Register'!$C$5:$C$1004,$B25,'Chart Register'!$N$5:$N$1004,"On hold") | M25: =COUNTIFS('Chart Register'!$C$5:$C$1004,$B25,'Chart Register'!$N$5:$N$1004,"Retired") | N25: =IF($H25=0,"NA",J25/$H25) | O25: =$H25-J25 | P25: =IF($H25=0,"NA",IF(J25>=$H25,"Complete",IF(J25/$H25>='Schedule Model'!$C$8,"At or above threshold","BELOW THRESHOLD — source now"))) | Q25: =IF('Schedule Model'!$G$12="NA","NA",INT('Schedule Model'!$C$5+0.949785*'Schedule Model'!$G$12*7)) | R25: =IF(OR($H25=0,NOT(ISNUMBER(Q25))),"NA",IF(J25>=$H25,"On target",IF(TODAY()<=Q25,"Not yet due",TODAY()-Q25))) | S25: =COUNTIFS('Issues Log'!$D$5:$D$504,$B25,'Issues Log'!$K$5:$K$504,"Open")+COUNTIFS('Issues Log'!$D$5:$D$504,$B25,'Issues Log'!$K$5:$K$504,"In progress")
A26: IP-DRG | B26: IPD-14 | C26: Other infectious disease | D26: Medical DRGs | E26: P3 | F26: Moderate-led | G26: C8 Foundation | H26: 7 | I26: =COUNTIFS('Chart Register'!$C$5:$C$1004,$B26) | J26: =COUNTIFS('Chart Register'!$C$5:$C$1004,$B26,'Chart Register'!$N$5:$N$1004,"Live") | K26: =I26-J26-L26-M26 | L26: =COUNTIFS('Chart Register'!$C$5:$C$1004,$B26,'Chart Register'!$N$5:$N$1004,"On hold") | M26: =COUNTIFS('Chart Register'!$C$5:$C$1004,$B26,'Chart Register'!$N$5:$N$1004,"Retired") | N26: =IF($H26=0,"NA",J26/$H26) | O26: =$H26-J26 | P26: =IF($H26=0,"NA",IF(J26>=$H26,"Complete",IF(J26/$H26>='Schedule Model'!$C$8,"At or above threshold","BELOW THRESHOLD — source now"))) | Q26: =IF('Schedule Model'!$G$12="NA","NA",INT('Schedule Model'!$C$5+0.959828*'Schedule Model'!$G$12*7)) | R26: =IF(OR($H26=0,NOT(ISNUMBER(Q26))),"NA",IF(J26>=$H26,"On target",IF(TODAY()<=Q26,"Not yet due",TODAY()-Q26))) | S26: =COUNTIFS('Issues Log'!$D$5:$D$504,$B26,'Issues Log'!$K$5:$K$504,"Open")+COUNTIFS('Issues Log'!$D$5:$D$504,$B26,'Issues Log'!$K$5:$K$504,"In progress")
A27: IP-DRG | B27: IPD-23 | C27: Vascular access and device procedures — PICC, pacemaker, dialysis catheter | D27: Surgical DRGs | E27: P3 | F27: Moderate-led | G27: C6 Customer escalations | H27: 14 | I27: =COUNTIFS('Chart Register'!$C$5:$C$1004,$B27) | J27: =COUNTIFS('Chart Register'!$C$5:$C$1004,$B27,'Chart Register'!$N$5:$N$1004,"Live") | K27: =I27-J27-L27-M27 | L27: =COUNTIFS('Chart Register'!$C$5:$C$1004,$B27,'Chart Register'!$N$5:$N$1004,"On hold") | M27: =COUNTIFS('Chart Register'!$C$5:$C$1004,$B27,'Chart Register'!$N$5:$N$1004,"Retired") | N27: =IF($H27=0,"NA",J27/$H27) | O27: =$H27-J27 | P27: =IF($H27=0,"NA",IF(J27>=$H27,"Complete",IF(J27/$H27>='Schedule Model'!$C$8,"At or above threshold","BELOW THRESHOLD — source now"))) | Q27: =IF('Schedule Model'!$G$12="NA","NA",INT('Schedule Model'!$C$5+0.979914*'Schedule Model'!$G$12*7)) | R27: =IF(OR($H27=0,NOT(ISNUMBER(Q27))),"NA",IF(J27>=$H27,"On target",IF(TODAY()<=Q27,"Not yet due",TODAY()-Q27))) | S27: =COUNTIFS('Issues Log'!$D$5:$D$504,$B27,'Issues Log'!$K$5:$K$504,"Open")+COUNTIFS('Issues Log'!$D$5:$D$504,$B27,'Issues Log'!$K$5:$K$504,"In progress")
A28: IP-DRG | B28: IPD-24 | C28: Transplant and other high-weight DRGs | D28: Surgical DRGs | E28: P3 | F28: Complex-led | G28: C2 High dollar value | H28: 7 | I28: =COUNTIFS('Chart Register'!$C$5:$C$1004,$B28) | J28: =COUNTIFS('Chart Register'!$C$5:$C$1004,$B28,'Chart Register'!$N$5:$N$1004,"Live") | K28: =I28-J28-L28-M28 | L28: =COUNTIFS('Chart Register'!$C$5:$C$1004,$B28,'Chart Register'!$N$5:$N$1004,"On hold") | M28: =COUNTIFS('Chart Register'!$C$5:$C$1004,$B28,'Chart Register'!$N$5:$N$1004,"Retired") | N28: =IF($H28=0,"NA",J28/$H28) | O28: =$H28-J28 | P28: =IF($H28=0,"NA",IF(J28>=$H28,"Complete",IF(J28/$H28>='Schedule Model'!$C$8,"At or above threshold","BELOW THRESHOLD — source now"))) | Q28: =IF('Schedule Model'!$G$12="NA","NA",INT('Schedule Model'!$C$5+0.989957*'Schedule Model'!$G$12*7)) | R28: =IF(OR($H28=0,NOT(ISNUMBER(Q28))),"NA",IF(J28>=$H28,"On target",IF(TODAY()<=Q28,"Not yet due",TODAY()-Q28))) | S28: =COUNTIFS('Issues Log'!$D$5:$D$504,$B28,'Issues Log'!$K$5:$K$504,"Open")+COUNTIFS('Issues Log'!$D$5:$D$504,$B28,'Issues Log'!$K$5:$K$504,"In progress")
A29: IP-DRG | B29: IPD-25 | C29: Multiple significant trauma and burns | D29: Surgical DRGs | E29: P3 | F29: Complex-led | G29: C2 High dollar value | H29: 7 | I29: =COUNTIFS('Chart Register'!$C$5:$C$1004,$B29) | J29: =COUNTIFS('Chart Register'!$C$5:$C$1004,$B29,'Chart Register'!$N$5:$N$1004,"Live") | K29: =I29-J29-L29-M29 | L29: =COUNTIFS('Chart Register'!$C$5:$C$1004,$B29,'Chart Register'!$N$5:$N$1004,"On hold") | M29: =COUNTIFS('Chart Register'!$C$5:$C$1004,$B29,'Chart Register'!$N$5:$N$1004,"Retired") | N29: =IF($H29=0,"NA",J29/$H29) | O29: =$H29-J29 | P29: =IF($H29=0,"NA",IF(J29>=$H29,"Complete",IF(J29/$H29>='Schedule Model'!$C$8,"At or above threshold","BELOW THRESHOLD — source now"))) | Q29: =IF('Schedule Model'!$G$12="NA","NA",INT('Schedule Model'!$C$5+1.0*'Schedule Model'!$G$12*7)) | R29: =IF(OR($H29=0,NOT(ISNUMBER(Q29))),"NA",IF(J29>=$H29,"On target",IF(TODAY()<=Q29,"Not yet due",TODAY()-Q29))) | S29: =COUNTIFS('Issues Log'!$D$5:$D$504,$B29,'Issues Log'!$K$5:$K$504,"Open")+COUNTIFS('Issues Log'!$D$5:$D$504,$B29,'Issues Log'!$K$5:$K$504,"In progress")
A30: ED Facility | B30: EDF-01 | C30: Minor presentations and rechecks (99281 / 99282) | D30: Levels 1–2 | E30: P2 | F30: Basic-led | G30: C8 Foundation | H30: 70 | I30: =COUNTIFS('Chart Register'!$C$5:$C$1004,$B30) | J30: =COUNTIFS('Chart Register'!$C$5:$C$1004,$B30,'Chart Register'!$N$5:$N$1004,"Live") | K30: =I30-J30-L30-M30 | L30: =COUNTIFS('Chart Register'!$C$5:$C$1004,$B30,'Chart Register'!$N$5:$N$1004,"On hold") | M30: =COUNTIFS('Chart Register'!$C$5:$C$1004,$B30,'Chart Register'!$N$5:$N$1004,"Retired") | N30: =IF($H30=0,"NA",J30/$H30) | O30: =$H30-J30 | P30: =IF($H30=0,"NA",IF(J30>=$H30,"Complete",IF(J30/$H30>='Schedule Model'!$C$8,"At or above threshold","BELOW THRESHOLD — source now"))) | Q30: =IF('Schedule Model'!$G$13="NA","NA",INT('Schedule Model'!$C$5+0.1*'Schedule Model'!$G$13*7)) | R30: =IF(OR($H30=0,NOT(ISNUMBER(Q30))),"NA",IF(J30>=$H30,"On target",IF(TODAY()<=Q30,"Not yet due",TODAY()-Q30))) | S30: =COUNTIFS('Issues Log'!$D$5:$D$504,$B30,'Issues Log'!$K$5:$K$504,"Open")+COUNTIFS('Issues Log'!$D$5:$D$504,$B30,'Issues Log'!$K$5:$K$504,"In progress")
A31: ED Facility | B31: EDF-03 | C31: Low-acuity visits with an ED procedure | D31: Levels 1–2 | E31: P2 | F31: Basic-led | G31: C1 High error rate | H31: 35 | I31: =COUNTIFS('Chart Register'!$C$5:$C$1004,$B31) | J31: =COUNTIFS('Chart Register'!$C$5:$C$1004,$B31,'Chart Register'!$N$5:$N$1004,"Live") | K31: =I31-J31-L31-M31 | L31: =COUNTIFS('Chart Register'!$C$5:$C$1004,$B31,'Chart Register'!$N$5:$N$1004,"On hold") | M31: =COUNTIFS('Chart Register'!$C$5:$C$1004,$B31,'Chart Register'!$N$5:$N$1004,"Retired") | N31: =IF($H31=0,"NA",J31/$H31) | O31: =$H31-J31 | P31: =IF($H31=0,"NA",IF(J31>=$H31,"Complete",IF(J31/$H31>='Schedule Model'!$C$8,"At or above threshold","BELOW THRESHOLD — source now"))) | Q31: =IF('Schedule Model'!$G$13="NA","NA",INT('Schedule Model'!$C$5+0.15*'Schedule Model'!$G$13*7)) | R31: =IF(OR($H31=0,NOT(ISNUMBER(Q31))),"NA",IF(J31>=$H31,"On target",IF(TODAY()<=Q31,"Not yet due",TODAY()-Q31))) | S31: =COUNTIFS('Issues Log'!$D$5:$D$504,$B31,'Issues Log'!$K$5:$K$504,"Open")+COUNTIFS('Issues Log'!$D$5:$D$504,$B31,'Issues Log'!$K$5:$K$504,"In progress")
A32: ED Facility | B32: EDF-04 | C32: Moderate medical presentations — URI, UTI, gastroenteritis | D32: Level 3 | E32: P2 | F32: Basic-led | G32: C8 Foundation | H32: 70 | I32: =COUNTIFS('Chart Register'!$C$5:$C$1004,$B32) | J32: =COUNTIFS('Chart Register'!$C$5:$C$1004,$B32,'Chart Register'!$N$5:$N$1004,"Live") | K32: =I32-J32-L32-M32 | L32: =COUNTIFS('Chart Register'!$C$5:$C$1004,$B32,'Chart Register'!$N$5:$N$1004,"On hold") | M32: =COUNTIFS('Chart Register'!$C$5:$C$1004,$B32,'Chart Register'!$N$5:$N$1004,"Retired") | N32: =IF($H32=0,"NA",J32/$H32) | O32: =$H32-J32 | P32: =IF($H32=0,"NA",IF(J32>=$H32,"Complete",IF(J32/$H32>='Schedule Model'!$C$8,"At or above threshold","BELOW THRESHOLD — source now"))) | Q32: =IF('Schedule Model'!$G$13="NA","NA",INT('Schedule Model'!$C$5+0.25*'Schedule Model'!$G$13*7)) | R32: =IF(OR($H32=0,NOT(ISNUMBER(Q32))),"NA",IF(J32>=$H32,"On target",IF(TODAY()<=Q32,"Not yet due",TODAY()-Q32))) | S32: =COUNTIFS('Issues Log'!$D$5:$D$504,$B32,'Issues Log'!$K$5:$K$504,"Open")+COUNTIFS('Issues Log'!$D$5:$D$504,$B32,'Issues Log'!$K$5:$K$504,"In progress")
A33: ED Facility | B33: EDF-05 | C33: Minor trauma and wound repair | D33: Level 3 | E33: P2 | F33: Moderate-led | G33: C1 High error rate | H33: 56 | I33: =COUNTIFS('Chart Register'!$C$5:$C$1004,$B33) | J33: =COUNTIFS('Chart Register'!$C$5:$C$1004,$B33,'Chart Register'!$N$5:$N$1004,"Live") | K33: =I33-J33-L33-M33 | L33: =COUNTIFS('Chart Register'!$C$5:$C$1004,$B33,'Chart Register'!$N$5:$N$1004,"On hold") | M33: =COUNTIFS('Chart Register'!$C$5:$C$1004,$B33,'Chart Register'!$N$5:$N$1004,"Retired") | N33: =IF($H33=0,"NA",J33/$H33) | O33: =$H33-J33 | P33: =IF($H33=0,"NA",IF(J33>=$H33,"Complete",IF(J33/$H33>='Schedule Model'!$C$8,"At or above threshold","BELOW THRESHOLD — source now"))) | Q33: =IF('Schedule Model'!$G$13="NA","NA",INT('Schedule Model'!$C$5+0.33*'Schedule Model'!$G$13*7)) | R33: =IF(OR($H33=0,NOT(ISNUMBER(Q33))),"NA",IF(J33>=$H33,"On target",IF(TODAY()<=Q33,"Not yet due",TODAY()-Q33))) | S33: =COUNTIFS('Issues Log'!$D$5:$D$504,$B33,'Issues Log'!$K$5:$K$504,"Open")+COUNTIFS('Issues Log'!$D$5:$D$504,$B33,'Issues Log'!$K$5:$K$504,"In progress")
A34: ED Facility | B34: EDF-06 | C34: Orthopaedic injury — sprain, simple fracture, splinting | D34: Level 3 | E34: P2 | F34: Moderate-led | G34: C1 High error rate | H34: 49 | I34: =COUNTIFS('Chart Register'!$C$5:$C$1004,$B34) | J34: =COUNTIFS('Chart Register'!$C$5:$C$1004,$B34,'Chart Register'!$N$5:$N$1004,"Live") | K34: =I34-J34-L34-M34 | L34: =COUNTIFS('Chart Register'!$C$5:$C$1004,$B34,'Chart Register'!$N$5:$N$1004,"On hold") | M34: =COUNTIFS('Chart Register'!$C$5:$C$1004,$B34,'Chart Register'!$N$5:$N$1004,"Retired") | N34: =IF($H34=0,"NA",J34/$H34) | O34: =$H34-J34 | P34: =IF($H34=0,"NA",IF(J34>=$H34,"Complete",IF(J34/$H34>='Schedule Model'!$C$8,"At or above threshold","BELOW THRESHOLD — source now"))) | Q34: =IF('Schedule Model'!$G$13="NA","NA",INT('Schedule Model'!$C$5+0.4*'Schedule Model'!$G$13*7)) | R34: =IF(OR($H34=0,NOT(ISNUMBER(Q34))),"NA",IF(J34>=$H34,"On target",IF(TODAY()<=Q34,"Not yet due",TODAY()-Q34))) | S34: =COUNTIFS('Issues Log'!$D$5:$D$504,$B34,'Issues Log'!$K$5:$K$504,"Open")+COUNTIFS('Issues Log'!$D$5:$D$504,$B34,'Issues Log'!$K$5:$K$504,"In progress")
A35: ED Facility | B35: EDF-07 | C35: Infusion and injection administration visits | D35: Level 3 | E35: P2 | F35: Moderate-led | G35: C7 Denial trends | H35: 35 | I35: =COUNTIFS('Chart Register'!$C$5:$C$1004,$B35) | J35: =COUNTIFS('Chart Register'!$C$5:$C$1004,$B35,'Chart Register'!$N$5:$N$1004,"Live") | K35: =I35-J35-L35-M35 | L35: =COUNTIFS('Chart Register'!$C$5:$C$1004,$B35,'Chart Register'!$N$5:$N$1004,"On hold") | M35: =COUNTIFS('Chart Register'!$C$5:$C$1004,$B35,'Chart Register'!$N$5:$N$1004,"Retired") | N35: =IF($H35=0,"NA",J35/$H35) | O35: =$H35-J35 | P35: =IF($H35=0,"NA",IF(J35>=$H35,"Complete",IF(J35/$H35>='Schedule Model'!$C$8,"At or above threshold","BELOW THRESHOLD — source now"))) | Q35: =IF('Schedule Model'!$G$13="NA","NA",INT('Schedule Model'!$C$5+0.45*'Schedule Model'!$G$13*7)) | R35: =IF(OR($H35=0,NOT(ISNUMBER(Q35))),"NA",IF(J35>=$H35,"On target",IF(TODAY()<=Q35,"Not yet due",TODAY()-Q35))) | S35: =COUNTIFS('Issues Log'!$D$5:$D$504,$B35,'Issues Log'!$K$5:$K$504,"Open")+COUNTIFS('Issues Log'!$D$5:$D$504,$B35,'Issues Log'!$K$5:$K$504,"In progress")
A36: ED Facility | B36: EDF-08 | C36: Abdominal and chest pain workups | D36: Level 4 | E36: P2 | F36: Moderate-led | G36: C1 High error rate | H36: 63 | I36: =COUNTIFS('Chart Register'!$C$5:$C$1004,$B36) | J36: =COUNTIFS('Chart Register'!$C$5:$C$1004,$B36,'Chart Register'!$N$5:$N$1004,"Live") | K36: =I36-J36-L36-M36 | L36: =COUNTIFS('Chart Register'!$C$5:$C$1004,$B36,'Chart Register'!$N$5:$N$1004,"On hold") | M36: =COUNTIFS('Chart Register'!$C$5:$C$1004,$B36,'Chart Register'!$N$5:$N$1004,"Retired") | N36: =IF($H36=0,"NA",J36/$H36) | O36: =$H36-J36 | P36: =IF($H36=0,"NA",IF(J36>=$H36,"Complete",IF(J36/$H36>='Schedule Model'!$C$8,"At or above threshold","BELOW THRESHOLD — source now"))) | Q36: =IF('Schedule Model'!$G$13="NA","NA",INT('Schedule Model'!$C$5+0.54*'Schedule Model'!$G$13*7)) | R36: =IF(OR($H36=0,NOT(ISNUMBER(Q36))),"NA",IF(J36>=$H36,"On target",IF(TODAY()<=Q36,"Not yet due",TODAY()-Q36))) | S36: =COUNTIFS('Issues Log'!$D$5:$D$504,$B36,'Issues Log'!$K$5:$K$504,"Open")+COUNTIFS('Issues Log'!$D$5:$D$504,$B36,'Issues Log'!$K$5:$K$504,"In progress")
A37: ED Facility | B37: EDF-09 | C37: Respiratory distress — asthma, COPD, pneumonia | D37: Level 4 | E37: P2 | F37: Moderate-led | G37: C8 Foundation | H37: 49 | I37: =COUNTIFS('Chart Register'!$C$5:$C$1004,$B37) | J37: =COUNTIFS('Chart Register'!$C$5:$C$1004,$B37,'Chart Register'!$N$5:$N$1004,"Live") | K37: =I37-J37-L37-M37 | L37: =COUNTIFS('Chart Register'!$C$5:$C$1004,$B37,'Chart Register'!$N$5:$N$1004,"On hold") | M37: =COUNTIFS('Chart Register'!$C$5:$C$1004,$B37,'Chart Register'!$N$5:$N$1004,"Retired") | N37: =IF($H37=0,"NA",J37/$H37) | O37: =$H37-J37 | P37: =IF($H37=0,"NA",IF(J37>=$H37,"Complete",IF(J37/$H37>='Schedule Model'!$C$8,"At or above threshold","BELOW THRESHOLD — source now"))) | Q37: =IF('Schedule Model'!$G$13="NA","NA",INT('Schedule Model'!$C$5+0.61*'Schedule Model'!$G$13*7)) | R37: =IF(OR($H37=0,NOT(ISNUMBER(Q37))),"NA",IF(J37>=$H37,"On target",IF(TODAY()<=Q37,"Not yet due",TODAY()-Q37))) | S37: =COUNTIFS('Issues Log'!$D$5:$D$504,$B37,'Issues Log'!$K$5:$K$504,"Open")+COUNTIFS('Issues Log'!$D$5:$D$504,$B37,'Issues Log'!$K$5:$K$504,"In progress")
A38: ED Facility | B38: EDF-10 | C38: Complex medical with multiple workups | D38: Level 4 | E38: P2 | F38: Complex-led | G38: C1 High error rate | H38: 49 | I38: =COUNTIFS('Chart Register'!$C$5:$C$1004,$B38) | J38: =COUNTIFS('Chart Register'!$C$5:$C$1004,$B38,'Chart Register'!$N$5:$N$1004,"Live") | K38: =I38-J38-L38-M38 | L38: =COUNTIFS('Chart Register'!$C$5:$C$1004,$B38,'Chart Register'!$N$5:$N$1004,"On hold") | M38: =COUNTIFS('Chart Register'!$C$5:$C$1004,$B38,'Chart Register'!$N$5:$N$1004,"Retired") | N38: =IF($H38=0,"NA",J38/$H38) | O38: =$H38-J38 | P38: =IF($H38=0,"NA",IF(J38>=$H38,"Complete",IF(J38/$H38>='Schedule Model'!$C$8,"At or above threshold","BELOW THRESHOLD — source now"))) | Q38: =IF('Schedule Model'!$G$13="NA","NA",INT('Schedule Model'!$C$5+0.68*'Schedule Model'!$G$13*7)) | R38: =IF(OR($H38=0,NOT(ISNUMBER(Q38))),"NA",IF(J38>=$H38,"On target",IF(TODAY()<=Q38,"Not yet due",TODAY()-Q38))) | S38: =COUNTIFS('Issues Log'!$D$5:$D$504,$B38,'Issues Log'!$K$5:$K$504,"Open")+COUNTIFS('Issues Log'!$D$5:$D$504,$B38,'Issues Log'!$K$5:$K$504,"In progress")
A39: ED Facility | B39: EDF-12 | C39: Observation services initiated from the ED | D39: Level 4 | E39: P2 | F39: Complex-led | G39: C7 Denial trends | H39: 21 | I39: =COUNTIFS('Chart Register'!$C$5:$C$1004,$B39) | J39: =COUNTIFS('Chart Register'!$C$5:$C$1004,$B39,'Chart Register'!$N$5:$N$1004,"Live") | K39: =I39-J39-L39-M39 | L39: =COUNTIFS('Chart Register'!$C$5:$C$1004,$B39,'Chart Register'!$N$5:$N$1004,"On hold") | M39: =COUNTIFS('Chart Register'!$C$5:$C$1004,$B39,'Chart Register'!$N$5:$N$1004,"Retired") | N39: =IF($H39=0,"NA",J39/$H39) | O39: =$H39-J39 | P39: =IF($H39=0,"NA",IF(J39>=$H39,"Complete",IF(J39/$H39>='Schedule Model'!$C$8,"At or above threshold","BELOW THRESHOLD — source now"))) | Q39: =IF('Schedule Model'!$G$13="NA","NA",INT('Schedule Model'!$C$5+0.71*'Schedule Model'!$G$13*7)) | R39: =IF(OR($H39=0,NOT(ISNUMBER(Q39))),"NA",IF(J39>=$H39,"On target",IF(TODAY()<=Q39,"Not yet due",TODAY()-Q39))) | S39: =COUNTIFS('Issues Log'!$D$5:$D$504,$B39,'Issues Log'!$K$5:$K$504,"Open")+COUNTIFS('Issues Log'!$D$5:$D$504,$B39,'Issues Log'!$K$5:$K$504,"In progress")
A40: ED Facility | B40: EDF-13 | C40: High-acuity medical (99285) | D40: Level 5 / critical care | E40: P2 | F40: Complex-led | G40: C1 High error rate | H40: 42 | I40: =COUNTIFS('Chart Register'!$C$5:$C$1004,$B40) | J40: =COUNTIFS('Chart Register'!$C$5:$C$1004,$B40,'Chart Register'!$N$5:$N$1004,"Live") | K40: =I40-J40-L40-M40 | L40: =COUNTIFS('Chart Register'!$C$5:$C$1004,$B40,'Chart Register'!$N$5:$N$1004,"On hold") | M40: =COUNTIFS('Chart Register'!$C$5:$C$1004,$B40,'Chart Register'!$N$5:$N$1004,"Retired") | N40: =IF($H40=0,"NA",J40/$H40) | O40: =$H40-J40 | P40: =IF($H40=0,"NA",IF(J40>=$H40,"Complete",IF(J40/$H40>='Schedule Model'!$C$8,"At or above threshold","BELOW THRESHOLD — source now"))) | Q40: =IF('Schedule Model'!$G$13="NA","NA",INT('Schedule Model'!$C$5+0.77*'Schedule Model'!$G$13*7)) | R40: =IF(OR($H40=0,NOT(ISNUMBER(Q40))),"NA",IF(J40>=$H40,"On target",IF(TODAY()<=Q40,"Not yet due",TODAY()-Q40))) | S40: =COUNTIFS('Issues Log'!$D$5:$D$504,$B40,'Issues Log'!$K$5:$K$504,"Open")+COUNTIFS('Issues Log'!$D$5:$D$504,$B40,'Issues Log'!$K$5:$K$504,"In progress")
A41: ED Facility | B41: EDF-14 | C41: Critical care (99291 / 99292) | D41: Level 5 / critical care | E41: P2 | F41: Complex-led | G41: C2 High dollar value | H41: 56 | I41: =COUNTIFS('Chart Register'!$C$5:$C$1004,$B41) | J41: =COUNTIFS('Chart Register'!$C$5:$C$1004,$B41,'Chart Register'!$N$5:$N$1004,"Live") | K41: =I41-J41-L41-M41 | L41: =COUNTIFS('Chart Register'!$C$5:$C$1004,$B41,'Chart Register'!$N$5:$N$1004,"On hold") | M41: =COUNTIFS('Chart Register'!$C$5:$C$1004,$B41,'Chart Register'!$N$5:$N$1004,"Retired") | N41: =IF($H41=0,"NA",J41/$H41) | O41: =$H41-J41 | P41: =IF($H41=0,"NA",IF(J41>=$H41,"Complete",IF(J41/$H41>='Schedule Model'!$C$8,"At or above threshold","BELOW THRESHOLD — source now"))) | Q41: =IF('Schedule Model'!$G$13="NA","NA",INT('Schedule Model'!$C$5+0.85*'Schedule Model'!$G$13*7)) | R41: =IF(OR($H41=0,NOT(ISNUMBER(Q41))),"NA",IF(J41>=$H41,"On target",IF(TODAY()<=Q41,"Not yet due",TODAY()-Q41))) | S41: =COUNTIFS('Issues Log'!$D$5:$D$504,$B41,'Issues Log'!$K$5:$K$504,"Open")+COUNTIFS('Issues Log'!$D$5:$D$504,$B41,'Issues Log'!$K$5:$K$504,"In progress")
A42: ED Facility | B42: EDF-15 | C42: The level 5 versus critical care boundary | D42: Level 5 / critical care | E42: P2 | F42: Complex-led | G42: C6 Customer escalations | H42: 14 | I42: =COUNTIFS('Chart Register'!$C$5:$C$1004,$B42) | J42: =COUNTIFS('Chart Register'!$C$5:$C$1004,$B42,'Chart Register'!$N$5:$N$1004,"Live") | K42: =I42-J42-L42-M42 | L42: =COUNTIFS('Chart Register'!$C$5:$C$1004,$B42,'Chart Register'!$N$5:$N$1004,"On hold") | M42: =COUNTIFS('Chart Register'!$C$5:$C$1004,$B42,'Chart Register'!$N$5:$N$1004,"Retired") | N42: =IF($H42=0,"NA",J42/$H42) | O42: =$H42-J42 | P42: =IF($H42=0,"NA",IF(J42>=$H42,"Complete",IF(J42/$H42>='Schedule Model'!$C$8,"At or above threshold","BELOW THRESHOLD — source now"))) | Q42: =IF('Schedule Model'!$G$13="NA","NA",INT('Schedule Model'!$C$5+0.87*'Schedule Model'!$G$13*7)) | R42: =IF(OR($H42=0,NOT(ISNUMBER(Q42))),"NA",IF(J42>=$H42,"On target",IF(TODAY()<=Q42,"Not yet due",TODAY()-Q42))) | S42: =COUNTIFS('Issues Log'!$D$5:$D$504,$B42,'Issues Log'!$K$5:$K$504,"Open")+COUNTIFS('Issues Log'!$D$5:$D$504,$B42,'Issues Log'!$K$5:$K$504,"In progress")
A43: ED Facility | B43: EDF-16 | C43: Trauma activation | D43: Level 5 / critical care | E43: P2 | F43: Complex-led | G43: C7 Denial trends | H43: 14 | I43: =COUNTIFS('Chart Register'!$C$5:$C$1004,$B43) | J43: =COUNTIFS('Chart Register'!$C$5:$C$1004,$B43,'Chart Register'!$N$5:$N$1004,"Live") | K43: =I43-J43-L43-M43 | L43: =COUNTIFS('Chart Register'!$C$5:$C$1004,$B43,'Chart Register'!$N$5:$N$1004,"On hold") | M43: =COUNTIFS('Chart Register'!$C$5:$C$1004,$B43,'Chart Register'!$N$5:$N$1004,"Retired") | N43: =IF($H43=0,"NA",J43/$H43) | O43: =$H43-J43 | P43: =IF($H43=0,"NA",IF(J43>=$H43,"Complete",IF(J43/$H43>='Schedule Model'!$C$8,"At or above threshold","BELOW THRESHOLD — source now"))) | Q43: =IF('Schedule Model'!$G$13="NA","NA",INT('Schedule Model'!$C$5+0.89*'Schedule Model'!$G$13*7)) | R43: =IF(OR($H43=0,NOT(ISNUMBER(Q43))),"NA",IF(J43>=$H43,"On target",IF(TODAY()<=Q43,"Not yet due",TODAY()-Q43))) | S43: =COUNTIFS('Issues Log'!$D$5:$D$504,$B43,'Issues Log'!$K$5:$K$504,"Open")+COUNTIFS('Issues Log'!$D$5:$D$504,$B43,'Issues Log'!$K$5:$K$504,"In progress")
A44: ED Facility | B44: EDF-02 | C44: Nurse-only and ancillary-only ED encounters | D44: Levels 1–2 | E44: P3 | F44: Basic-led | G44: C8 Foundation | H44: 35 | I44: =COUNTIFS('Chart Register'!$C$5:$C$1004,$B44) | J44: =COUNTIFS('Chart Register'!$C$5:$C$1004,$B44,'Chart Register'!$N$5:$N$1004,"Live") | K44: =I44-J44-L44-M44 | L44: =COUNTIFS('Chart Register'!$C$5:$C$1004,$B44,'Chart Register'!$N$5:$N$1004,"On hold") | M44: =COUNTIFS('Chart Register'!$C$5:$C$1004,$B44,'Chart Register'!$N$5:$N$1004,"Retired") | N44: =IF($H44=0,"NA",J44/$H44) | O44: =$H44-J44 | P44: =IF($H44=0,"NA",IF(J44>=$H44,"Complete",IF(J44/$H44>='Schedule Model'!$C$8,"At or above threshold","BELOW THRESHOLD — source now"))) | Q44: =IF('Schedule Model'!$G$13="NA","NA",INT('Schedule Model'!$C$5+0.94*'Schedule Model'!$G$13*7)) | R44: =IF(OR($H44=0,NOT(ISNUMBER(Q44))),"NA",IF(J44>=$H44,"On target",IF(TODAY()<=Q44,"Not yet due",TODAY()-Q44))) | S44: =COUNTIFS('Issues Log'!$D$5:$D$504,$B44,'Issues Log'!$K$5:$K$504,"Open")+COUNTIFS('Issues Log'!$D$5:$D$504,$B44,'Issues Log'!$K$5:$K$504,"In progress")
A45: ED Facility | B45: EDF-11 | C45: Behavioural health presentations | D45: Level 4 | E45: P3 | F45: Moderate-led | G45: C6 Customer escalations | H45: 28 | I45: =COUNTIFS('Chart Register'!$C$5:$C$1004,$B45) | J45: =COUNTIFS('Chart Register'!$C$5:$C$1004,$B45,'Chart Register'!$N$5:$N$1004,"Live") | K45: =I45-J45-L45-M45 | L45: =COUNTIFS('Chart Register'!$C$5:$C$1004,$B45,'Chart Register'!$N$5:$N$1004,"On hold") | M45: =COUNTIFS('Chart Register'!$C$5:$C$1004,$B45,'Chart Register'!$N$5:$N$1004,"Retired") | N45: =IF($H45=0,"NA",J45/$H45) | O45: =$H45-J45 | P45: =IF($H45=0,"NA",IF(J45>=$H45,"Complete",IF(J45/$H45>='Schedule Model'!$C$8,"At or above threshold","BELOW THRESHOLD — source now"))) | Q45: =IF('Schedule Model'!$G$13="NA","NA",INT('Schedule Model'!$C$5+0.98*'Schedule Model'!$G$13*7)) | R45: =IF(OR($H45=0,NOT(ISNUMBER(Q45))),"NA",IF(J45>=$H45,"On target",IF(TODAY()<=Q45,"Not yet due",TODAY()-Q45))) | S45: =COUNTIFS('Issues Log'!$D$5:$D$504,$B45,'Issues Log'!$K$5:$K$504,"Open")+COUNTIFS('Issues Log'!$D$5:$D$504,$B45,'Issues Log'!$K$5:$K$504,"In progress")
A46: ED Facility | B46: EDF-17 | C46: Cardiac arrest and resuscitation | D46: Level 5 / critical care | E46: P3 | F46: Complex-led | G46: C2 High dollar value | H46: 14 | I46: =COUNTIFS('Chart Register'!$C$5:$C$1004,$B46) | J46: =COUNTIFS('Chart Register'!$C$5:$C$1004,$B46,'Chart Register'!$N$5:$N$1004,"Live") | K46: =I46-J46-L46-M46 | L46: =COUNTIFS('Chart Register'!$C$5:$C$1004,$B46,'Chart Register'!$N$5:$N$1004,"On hold") | M46: =COUNTIFS('Chart Register'!$C$5:$C$1004,$B46,'Chart Register'!$N$5:$N$1004,"Retired") | N46: =IF($H46=0,"NA",J46/$H46) | O46: =$H46-J46 | P46: =IF($H46=0,"NA",IF(J46>=$H46,"Complete",IF(J46/$H46>='Schedule Model'!$C$8,"At or above threshold","BELOW THRESHOLD — source now"))) | Q46: =IF('Schedule Model'!$G$13="NA","NA",INT('Schedule Model'!$C$5+1.0*'Schedule Model'!$G$13*7)) | R46: =IF(OR($H46=0,NOT(ISNUMBER(Q46))),"NA",IF(J46>=$H46,"On target",IF(TODAY()<=Q46,"Not yet due",TODAY()-Q46))) | S46: =COUNTIFS('Issues Log'!$D$5:$D$504,$B46,'Issues Log'!$K$5:$K$504,"Open")+COUNTIFS('Issues Log'!$D$5:$D$504,$B46,'Issues Log'!$K$5:$K$504,"In progress")
A47: ED Profee | B47: EDP-01 | C47: 99281 / 99282 — straightforward presentations | D47: Low acuity | E47: P2 | F47: Basic-led | G47: C8 Foundation | H47: 28 | I47: =COUNTIFS('Chart Register'!$C$5:$C$1004,$B47) | J47: =COUNTIFS('Chart Register'!$C$5:$C$1004,$B47,'Chart Register'!$N$5:$N$1004,"Live") | K47: =I47-J47-L47-M47 | L47: =COUNTIFS('Chart Register'!$C$5:$C$1004,$B47,'Chart Register'!$N$5:$N$1004,"On hold") | M47: =COUNTIFS('Chart Register'!$C$5:$C$1004,$B47,'Chart Register'!$N$5:$N$1004,"Retired") | N47: =IF($H47=0,"NA",J47/$H47) | O47: =$H47-J47 | P47: =IF($H47=0,"NA",IF(J47>=$H47,"Complete",IF(J47/$H47>='Schedule Model'!$C$8,"At or above threshold","BELOW THRESHOLD — source now"))) | Q47: =IF('Schedule Model'!$G$14="NA","NA",INT('Schedule Model'!$C$5+0.07*'Schedule Model'!$G$14*7)) | R47: =IF(OR($H47=0,NOT(ISNUMBER(Q47))),"NA",IF(J47>=$H47,"On target",IF(TODAY()<=Q47,"Not yet due",TODAY()-Q47))) | S47: =COUNTIFS('Issues Log'!$D$5:$D$504,$B47,'Issues Log'!$K$5:$K$504,"Open")+COUNTIFS('Issues Log'!$D$5:$D$504,$B47,'Issues Log'!$K$5:$K$504,"In progress")
A48: ED Profee | B48: EDP-02 | C48: 99283 — moderate MDM | D48: Moderate | E48: P2 | F48: Basic-led | G48: C8 Foundation | H48: 40 | I48: =COUNTIFS('Chart Register'!$C$5:$C$1004,$B48) | J48: =COUNTIFS('Chart Register'!$C$5:$C$1004,$B48,'Chart Register'!$N$5:$N$1004,"Live") | K48: =I48-J48-L48-M48 | L48: =COUNTIFS('Chart Register'!$C$5:$C$1004,$B48,'Chart Register'!$N$5:$N$1004,"On hold") | M48: =COUNTIFS('Chart Register'!$C$5:$C$1004,$B48,'Chart Register'!$N$5:$N$1004,"Retired") | N48: =IF($H48=0,"NA",J48/$H48) | O48: =$H48-J48 | P48: =IF($H48=0,"NA",IF(J48>=$H48,"Complete",IF(J48/$H48>='Schedule Model'!$C$8,"At or above threshold","BELOW THRESHOLD — source now"))) | Q48: =IF('Schedule Model'!$G$14="NA","NA",INT('Schedule Model'!$C$5+0.17*'Schedule Model'!$G$14*7)) | R48: =IF(OR($H48=0,NOT(ISNUMBER(Q48))),"NA",IF(J48>=$H48,"On target",IF(TODAY()<=Q48,"Not yet due",TODAY()-Q48))) | S48: =COUNTIFS('Issues Log'!$D$5:$D$504,$B48,'Issues Log'!$K$5:$K$504,"Open")+COUNTIFS('Issues Log'!$D$5:$D$504,$B48,'Issues Log'!$K$5:$K$504,"In progress")
A49: ED Profee | B49: EDP-03 | C49: 99283 with a separately reportable procedure | D49: Moderate | E49: P2 | F49: Moderate-led | G49: C1 High error rate | H49: 24 | I49: =COUNTIFS('Chart Register'!$C$5:$C$1004,$B49) | J49: =COUNTIFS('Chart Register'!$C$5:$C$1004,$B49,'Chart Register'!$N$5:$N$1004,"Live") | K49: =I49-J49-L49-M49 | L49: =COUNTIFS('Chart Register'!$C$5:$C$1004,$B49,'Chart Register'!$N$5:$N$1004,"On hold") | M49: =COUNTIFS('Chart Register'!$C$5:$C$1004,$B49,'Chart Register'!$N$5:$N$1004,"Retired") | N49: =IF($H49=0,"NA",J49/$H49) | O49: =$H49-J49 | P49: =IF($H49=0,"NA",IF(J49>=$H49,"Complete",IF(J49/$H49>='Schedule Model'!$C$8,"At or above threshold","BELOW THRESHOLD — source now"))) | Q49: =IF('Schedule Model'!$G$14="NA","NA",INT('Schedule Model'!$C$5+0.23*'Schedule Model'!$G$14*7)) | R49: =IF(OR($H49=0,NOT(ISNUMBER(Q49))),"NA",IF(J49>=$H49,"On target",IF(TODAY()<=Q49,"Not yet due",TODAY()-Q49))) | S49: =COUNTIFS('Issues Log'!$D$5:$D$504,$B49,'Issues Log'!$K$5:$K$504,"Open")+COUNTIFS('Issues Log'!$D$5:$D$504,$B49,'Issues Log'!$K$5:$K$504,"In progress")
A50: ED Profee | B50: EDP-04 | C50: 99284 — moderate-to-high MDM | D50: Level 4 | E50: P2 | F50: Moderate-led | G50: C1 High error rate | H50: 48 | I50: =COUNTIFS('Chart Register'!$C$5:$C$1004,$B50) | J50: =COUNTIFS('Chart Register'!$C$5:$C$1004,$B50,'Chart Register'!$N$5:$N$1004,"Live") | K50: =I50-J50-L50-M50 | L50: =COUNTIFS('Chart Register'!$C$5:$C$1004,$B50,'Chart Register'!$N$5:$N$1004,"On hold") | M50: =COUNTIFS('Chart Register'!$C$5:$C$1004,$B50,'Chart Register'!$N$5:$N$1004,"Retired") | N50: =IF($H50=0,"NA",J50/$H50) | O50: =$H50-J50 | P50: =IF($H50=0,"NA",IF(J50>=$H50,"Complete",IF(J50/$H50>='Schedule Model'!$C$8,"At or above threshold","BELOW THRESHOLD — source now"))) | Q50: =IF('Schedule Model'!$G$14="NA","NA",INT('Schedule Model'!$C$5+0.35*'Schedule Model'!$G$14*7)) | R50: =IF(OR($H50=0,NOT(ISNUMBER(Q50))),"NA",IF(J50>=$H50,"On target",IF(TODAY()<=Q50,"Not yet due",TODAY()-Q50))) | S50: =COUNTIFS('Issues Log'!$D$5:$D$504,$B50,'Issues Log'!$K$5:$K$504,"Open")+COUNTIFS('Issues Log'!$D$5:$D$504,$B50,'Issues Log'!$K$5:$K$504,"In progress")
A51: ED Profee | B51: EDP-05 | C51: 99284 with fracture care or wound repair | D51: Level 4 | E51: P2 | F51: Complex-led | G51: C1 High error rate | H51: 24 | I51: =COUNTIFS('Chart Register'!$C$5:$C$1004,$B51) | J51: =COUNTIFS('Chart Register'!$C$5:$C$1004,$B51,'Chart Register'!$N$5:$N$1004,"Live") | K51: =I51-J51-L51-M51 | L51: =COUNTIFS('Chart Register'!$C$5:$C$1004,$B51,'Chart Register'!$N$5:$N$1004,"On hold") | M51: =COUNTIFS('Chart Register'!$C$5:$C$1004,$B51,'Chart Register'!$N$5:$N$1004,"Retired") | N51: =IF($H51=0,"NA",J51/$H51) | O51: =$H51-J51 | P51: =IF($H51=0,"NA",IF(J51>=$H51,"Complete",IF(J51/$H51>='Schedule Model'!$C$8,"At or above threshold","BELOW THRESHOLD — source now"))) | Q51: =IF('Schedule Model'!$G$14="NA","NA",INT('Schedule Model'!$C$5+0.41*'Schedule Model'!$G$14*7)) | R51: =IF(OR($H51=0,NOT(ISNUMBER(Q51))),"NA",IF(J51>=$H51,"On target",IF(TODAY()<=Q51,"Not yet due",TODAY()-Q51))) | S51: =COUNTIFS('Issues Log'!$D$5:$D$504,$B51,'Issues Log'!$K$5:$K$504,"Open")+COUNTIFS('Issues Log'!$D$5:$D$504,$B51,'Issues Log'!$K$5:$K$504,"In progress")
A52: ED Profee | B52: EDP-06 | C52: 99285 — high MDM | D52: Level 5 | E52: P2 | F52: Complex-led | G52: C1 High error rate | H52: 52 | I52: =COUNTIFS('Chart Register'!$C$5:$C$1004,$B52) | J52: =COUNTIFS('Chart Register'!$C$5:$C$1004,$B52,'Chart Register'!$N$5:$N$1004,"Live") | K52: =I52-J52-L52-M52 | L52: =COUNTIFS('Chart Register'!$C$5:$C$1004,$B52,'Chart Register'!$N$5:$N$1004,"On hold") | M52: =COUNTIFS('Chart Register'!$C$5:$C$1004,$B52,'Chart Register'!$N$5:$N$1004,"Retired") | N52: =IF($H52=0,"NA",J52/$H52) | O52: =$H52-J52 | P52: =IF($H52=0,"NA",IF(J52>=$H52,"Complete",IF(J52/$H52>='Schedule Model'!$C$8,"At or above threshold","BELOW THRESHOLD — source now"))) | Q52: =IF('Schedule Model'!$G$14="NA","NA",INT('Schedule Model'!$C$5+0.54*'Schedule Model'!$G$14*7)) | R52: =IF(OR($H52=0,NOT(ISNUMBER(Q52))),"NA",IF(J52>=$H52,"On target",IF(TODAY()<=Q52,"Not yet due",TODAY()-Q52))) | S52: =COUNTIFS('Issues Log'!$D$5:$D$504,$B52,'Issues Log'!$K$5:$K$504,"Open")+COUNTIFS('Issues Log'!$D$5:$D$504,$B52,'Issues Log'!$K$5:$K$504,"In progress")
A53: ED Profee | B53: EDP-07 | C53: 99285 versus 99291 — the critical care boundary | D53: Level 5 | E53: P2 | F53: Complex-led | G53: C6 Customer escalations | H53: 32 | I53: =COUNTIFS('Chart Register'!$C$5:$C$1004,$B53) | J53: =COUNTIFS('Chart Register'!$C$5:$C$1004,$B53,'Chart Register'!$N$5:$N$1004,"Live") | K53: =I53-J53-L53-M53 | L53: =COUNTIFS('Chart Register'!$C$5:$C$1004,$B53,'Chart Register'!$N$5:$N$1004,"On hold") | M53: =COUNTIFS('Chart Register'!$C$5:$C$1004,$B53,'Chart Register'!$N$5:$N$1004,"Retired") | N53: =IF($H53=0,"NA",J53/$H53) | O53: =$H53-J53 | P53: =IF($H53=0,"NA",IF(J53>=$H53,"Complete",IF(J53/$H53>='Schedule Model'!$C$8,"At or above threshold","BELOW THRESHOLD — source now"))) | Q53: =IF('Schedule Model'!$G$14="NA","NA",INT('Schedule Model'!$C$5+0.62*'Schedule Model'!$G$14*7)) | R53: =IF(OR($H53=0,NOT(ISNUMBER(Q53))),"NA",IF(J53>=$H53,"On target",IF(TODAY()<=Q53,"Not yet due",TODAY()-Q53))) | S53: =COUNTIFS('Issues Log'!$D$5:$D$504,$B53,'Issues Log'!$K$5:$K$504,"Open")+COUNTIFS('Issues Log'!$D$5:$D$504,$B53,'Issues Log'!$K$5:$K$504,"In progress")
A54: ED Profee | B54: EDP-08 | C54: 99291 / 99292 — critical care | D54: Critical care | E54: P2 | F54: Complex-led | G54: C2 High dollar value | H54: 56 | I54: =COUNTIFS('Chart Register'!$C$5:$C$1004,$B54) | J54: =COUNTIFS('Chart Register'!$C$5:$C$1004,$B54,'Chart Register'!$N$5:$N$1004,"Live") | K54: =I54-J54-L54-M54 | L54: =COUNTIFS('Chart Register'!$C$5:$C$1004,$B54,'Chart Register'!$N$5:$N$1004,"On hold") | M54: =COUNTIFS('Chart Register'!$C$5:$C$1004,$B54,'Chart Register'!$N$5:$N$1004,"Retired") | N54: =IF($H54=0,"NA",J54/$H54) | O54: =$H54-J54 | P54: =IF($H54=0,"NA",IF(J54>=$H54,"Complete",IF(J54/$H54>='Schedule Model'!$C$8,"At or above threshold","BELOW THRESHOLD — source now"))) | Q54: =IF('Schedule Model'!$G$14="NA","NA",INT('Schedule Model'!$C$5+0.76*'Schedule Model'!$G$14*7)) | R54: =IF(OR($H54=0,NOT(ISNUMBER(Q54))),"NA",IF(J54>=$H54,"On target",IF(TODAY()<=Q54,"Not yet due",TODAY()-Q54))) | S54: =COUNTIFS('Issues Log'!$D$5:$D$504,$B54,'Issues Log'!$K$5:$K$504,"Open")+COUNTIFS('Issues Log'!$D$5:$D$504,$B54,'Issues Log'!$K$5:$K$504,"In progress")
A55: ED Profee | B55: EDP-09 | C55: Critical care with separately reportable procedures | D55: Critical care | E55: P2 | F55: Complex-led | G55: C2 High dollar value | H55: 24 | I55: =COUNTIFS('Chart Register'!$C$5:$C$1004,$B55) | J55: =COUNTIFS('Chart Register'!$C$5:$C$1004,$B55,'Chart Register'!$N$5:$N$1004,"Live") | K55: =I55-J55-L55-M55 | L55: =COUNTIFS('Chart Register'!$C$5:$C$1004,$B55,'Chart Register'!$N$5:$N$1004,"On hold") | M55: =COUNTIFS('Chart Register'!$C$5:$C$1004,$B55,'Chart Register'!$N$5:$N$1004,"Retired") | N55: =IF($H55=0,"NA",J55/$H55) | O55: =$H55-J55 | P55: =IF($H55=0,"NA",IF(J55>=$H55,"Complete",IF(J55/$H55>='Schedule Model'!$C$8,"At or above threshold","BELOW THRESHOLD — source now"))) | Q55: =IF('Schedule Model'!$G$14="NA","NA",INT('Schedule Model'!$C$5+0.82*'Schedule Model'!$G$14*7)) | R55: =IF(OR($H55=0,NOT(ISNUMBER(Q55))),"NA",IF(J55>=$H55,"On target",IF(TODAY()<=Q55,"Not yet due",TODAY()-Q55))) | S55: =COUNTIFS('Issues Log'!$D$5:$D$504,$B55,'Issues Log'!$K$5:$K$504,"Open")+COUNTIFS('Issues Log'!$D$5:$D$504,$B55,'Issues Log'!$K$5:$K$504,"In progress")
A56: ED Profee | B56: EDP-10 | C56: ED procedures billed with an E/M | D56: Cross-cutting | E56: P2 | F56: Moderate-led | G56: C1 High error rate | H56: 40 | I56: =COUNTIFS('Chart Register'!$C$5:$C$1004,$B56) | J56: =COUNTIFS('Chart Register'!$C$5:$C$1004,$B56,'Chart Register'!$N$5:$N$1004,"Live") | K56: =I56-J56-L56-M56 | L56: =COUNTIFS('Chart Register'!$C$5:$C$1004,$B56,'Chart Register'!$N$5:$N$1004,"On hold") | M56: =COUNTIFS('Chart Register'!$C$5:$C$1004,$B56,'Chart Register'!$N$5:$N$1004,"Retired") | N56: =IF($H56=0,"NA",J56/$H56) | O56: =$H56-J56 | P56: =IF($H56=0,"NA",IF(J56>=$H56,"Complete",IF(J56/$H56>='Schedule Model'!$C$8,"At or above threshold","BELOW THRESHOLD — source now"))) | Q56: =IF('Schedule Model'!$G$14="NA","NA",INT('Schedule Model'!$C$5+0.92*'Schedule Model'!$G$14*7)) | R56: =IF(OR($H56=0,NOT(ISNUMBER(Q56))),"NA",IF(J56>=$H56,"On target",IF(TODAY()<=Q56,"Not yet due",TODAY()-Q56))) | S56: =COUNTIFS('Issues Log'!$D$5:$D$504,$B56,'Issues Log'!$K$5:$K$504,"Open")+COUNTIFS('Issues Log'!$D$5:$D$504,$B56,'Issues Log'!$K$5:$K$504,"In progress")
A57: ED Profee | B57: EDP-11 | C57: Observation and admission by the ED physician | D57: Cross-cutting | E57: P2 | F57: Complex-led | G57: C7 Denial trends | H57: 16 | I57: =COUNTIFS('Chart Register'!$C$5:$C$1004,$B57) | J57: =COUNTIFS('Chart Register'!$C$5:$C$1004,$B57,'Chart Register'!$N$5:$N$1004,"Live") | K57: =I57-J57-L57-M57 | L57: =COUNTIFS('Chart Register'!$C$5:$C$1004,$B57,'Chart Register'!$N$5:$N$1004,"On hold") | M57: =COUNTIFS('Chart Register'!$C$5:$C$1004,$B57,'Chart Register'!$N$5:$N$1004,"Retired") | N57: =IF($H57=0,"NA",J57/$H57) | O57: =$H57-J57 | P57: =IF($H57=0,"NA",IF(J57>=$H57,"Complete",IF(J57/$H57>='Schedule Model'!$C$8,"At or above threshold","BELOW THRESHOLD — source now"))) | Q57: =IF('Schedule Model'!$G$14="NA","NA",INT('Schedule Model'!$C$5+0.96*'Schedule Model'!$G$14*7)) | R57: =IF(OR($H57=0,NOT(ISNUMBER(Q57))),"NA",IF(J57>=$H57,"On target",IF(TODAY()<=Q57,"Not yet due",TODAY()-Q57))) | S57: =COUNTIFS('Issues Log'!$D$5:$D$504,$B57,'Issues Log'!$K$5:$K$504,"Open")+COUNTIFS('Issues Log'!$D$5:$D$504,$B57,'Issues Log'!$K$5:$K$504,"In progress")
A58: ED Profee | B58: EDP-12 | C58: Split / shared and teaching-physician documentation | D58: Cross-cutting | E58: P3 | F58: Complex-led | G58: C6 Customer escalations | H58: 16 | I58: =COUNTIFS('Chart Register'!$C$5:$C$1004,$B58) | J58: =COUNTIFS('Chart Register'!$C$5:$C$1004,$B58,'Chart Register'!$N$5:$N$1004,"Live") | K58: =I58-J58-L58-M58 | L58: =COUNTIFS('Chart Register'!$C$5:$C$1004,$B58,'Chart Register'!$N$5:$N$1004,"On hold") | M58: =COUNTIFS('Chart Register'!$C$5:$C$1004,$B58,'Chart Register'!$N$5:$N$1004,"Retired") | N58: =IF($H58=0,"NA",J58/$H58) | O58: =$H58-J58 | P58: =IF($H58=0,"NA",IF(J58>=$H58,"Complete",IF(J58/$H58>='Schedule Model'!$C$8,"At or above threshold","BELOW THRESHOLD — source now"))) | Q58: =IF('Schedule Model'!$G$14="NA","NA",INT('Schedule Model'!$C$5+1.0*'Schedule Model'!$G$14*7)) | R58: =IF(OR($H58=0,NOT(ISNUMBER(Q58))),"NA",IF(J58>=$H58,"On target",IF(TODAY()<=Q58,"Not yet due",TODAY()-Q58))) | S58: =COUNTIFS('Issues Log'!$D$5:$D$504,$B58,'Issues Log'!$K$5:$K$504,"Open")+COUNTIFS('Issues Log'!$D$5:$D$504,$B58,'Issues Log'!$K$5:$K$504,"In progress")
A59: E/M | B59: EM-01 | C59: Level 3 established patient office visit (99213) | D59: Office / outpatient visits | E59: P1 | F59: Basic-led | G59: C8 Foundation | H59: 41 | I59: =COUNTIFS('Chart Register'!$C$5:$C$1004,$B59) | J59: =COUNTIFS('Chart Register'!$C$5:$C$1004,$B59,'Chart Register'!$N$5:$N$1004,"Live") | K59: =I59-J59-L59-M59 | L59: =COUNTIFS('Chart Register'!$C$5:$C$1004,$B59,'Chart Register'!$N$5:$N$1004,"On hold") | M59: =COUNTIFS('Chart Register'!$C$5:$C$1004,$B59,'Chart Register'!$N$5:$N$1004,"Retired") | N59: =IF($H59=0,"NA",J59/$H59) | O59: =$H59-J59 | P59: =IF($H59=0,"NA",IF(J59>=$H59,"Complete",IF(J59/$H59>='Schedule Model'!$C$8,"At or above threshold","BELOW THRESHOLD — source now"))) | Q59: =IF('Schedule Model'!$G$15="NA","NA",INT('Schedule Model'!$C$5+0.099515*'Schedule Model'!$G$15*7)) | R59: =IF(OR($H59=0,NOT(ISNUMBER(Q59))),"NA",IF(J59>=$H59,"On target",IF(TODAY()<=Q59,"Not yet due",TODAY()-Q59))) | S59: =COUNTIFS('Issues Log'!$D$5:$D$504,$B59,'Issues Log'!$K$5:$K$504,"Open")+COUNTIFS('Issues Log'!$D$5:$D$504,$B59,'Issues Log'!$K$5:$K$504,"In progress")
A60: E/M | B60: EM-02 | C60: Level 4 established patient office visit (99214) | D60: Office / outpatient visits | E60: P1 | F60: Moderate-led | G60: C1 High error rate | H60: 45 | I60: =COUNTIFS('Chart Register'!$C$5:$C$1004,$B60) | J60: =COUNTIFS('Chart Register'!$C$5:$C$1004,$B60,'Chart Register'!$N$5:$N$1004,"Live") | K60: =I60-J60-L60-M60 | L60: =COUNTIFS('Chart Register'!$C$5:$C$1004,$B60,'Chart Register'!$N$5:$N$1004,"On hold") | M60: =COUNTIFS('Chart Register'!$C$5:$C$1004,$B60,'Chart Register'!$N$5:$N$1004,"Retired") | N60: =IF($H60=0,"NA",J60/$H60) | O60: =$H60-J60 | P60: =IF($H60=0,"NA",IF(J60>=$H60,"Complete",IF(J60/$H60>='Schedule Model'!$C$8,"At or above threshold","BELOW THRESHOLD — source now"))) | Q60: =IF('Schedule Model'!$G$15="NA","NA",INT('Schedule Model'!$C$5+0.208738*'Schedule Model'!$G$15*7)) | R60: =IF(OR($H60=0,NOT(ISNUMBER(Q60))),"NA",IF(J60>=$H60,"On target",IF(TODAY()<=Q60,"Not yet due",TODAY()-Q60))) | S60: =COUNTIFS('Issues Log'!$D$5:$D$504,$B60,'Issues Log'!$K$5:$K$504,"Open")+COUNTIFS('Issues Log'!$D$5:$D$504,$B60,'Issues Log'!$K$5:$K$504,"In progress")
A61: E/M | B61: EM-03 | C61: Level 3 new patient office visit (99203) | D61: Office / outpatient visits | E61: P1 | F61: Basic-led | G61: C8 Foundation | H61: 21 | I61: =COUNTIFS('Chart Register'!$C$5:$C$1004,$B61) | J61: =COUNTIFS('Chart Register'!$C$5:$C$1004,$B61,'Chart Register'!$N$5:$N$1004,"Live") | K61: =I61-J61-L61-M61 | L61: =COUNTIFS('Chart Register'!$C$5:$C$1004,$B61,'Chart Register'!$N$5:$N$1004,"On hold") | M61: =COUNTIFS('Chart Register'!$C$5:$C$1004,$B61,'Chart Register'!$N$5:$N$1004,"Retired") | N61: =IF($H61=0,"NA",J61/$H61) | O61: =$H61-J61 | P61: =IF($H61=0,"NA",IF(J61>=$H61,"Complete",IF(J61/$H61>='Schedule Model'!$C$8,"At or above threshold","BELOW THRESHOLD — source now"))) | Q61: =IF('Schedule Model'!$G$15="NA","NA",INT('Schedule Model'!$C$5+0.259709*'Schedule Model'!$G$15*7)) | R61: =IF(OR($H61=0,NOT(ISNUMBER(Q61))),"NA",IF(J61>=$H61,"On target",IF(TODAY()<=Q61,"Not yet due",TODAY()-Q61))) | S61: =COUNTIFS('Issues Log'!$D$5:$D$504,$B61,'Issues Log'!$K$5:$K$504,"Open")+COUNTIFS('Issues Log'!$D$5:$D$504,$B61,'Issues Log'!$K$5:$K$504,"In progress")
A62: E/M | B62: EM-04 | C62: Level 4 new patient office visit (99204) | D62: Office / outpatient visits | E62: P1 | F62: Moderate-led | G62: C1 High error rate | H62: 25 | I62: =COUNTIFS('Chart Register'!$C$5:$C$1004,$B62) | J62: =COUNTIFS('Chart Register'!$C$5:$C$1004,$B62,'Chart Register'!$N$5:$N$1004,"Live") | K62: =I62-J62-L62-M62 | L62: =COUNTIFS('Chart Register'!$C$5:$C$1004,$B62,'Chart Register'!$N$5:$N$1004,"On hold") | M62: =COUNTIFS('Chart Register'!$C$5:$C$1004,$B62,'Chart Register'!$N$5:$N$1004,"Retired") | N62: =IF($H62=0,"NA",J62/$H62) | O62: =$H62-J62 | P62: =IF($H62=0,"NA",IF(J62>=$H62,"Complete",IF(J62/$H62>='Schedule Model'!$C$8,"At or above threshold","BELOW THRESHOLD — source now"))) | Q62: =IF('Schedule Model'!$G$15="NA","NA",INT('Schedule Model'!$C$5+0.320388*'Schedule Model'!$G$15*7)) | R62: =IF(OR($H62=0,NOT(ISNUMBER(Q62))),"NA",IF(J62>=$H62,"On target",IF(TODAY()<=Q62,"Not yet due",TODAY()-Q62))) | S62: =COUNTIFS('Issues Log'!$D$5:$D$504,$B62,'Issues Log'!$K$5:$K$504,"Open")+COUNTIFS('Issues Log'!$D$5:$D$504,$B62,'Issues Log'!$K$5:$K$504,"In progress")
A63: E/M | B63: EM-16 | C63: Initial hospital inpatient or observation care (99221-99223) | D63: Inpatient and observation | E63: P1 | F63: Moderate-led | G63: C1 High error rate | H63: 25 | I63: =COUNTIFS('Chart Register'!$C$5:$C$1004,$B63) | J63: =COUNTIFS('Chart Register'!$C$5:$C$1004,$B63,'Chart Register'!$N$5:$N$1004,"Live") | K63: =I63-J63-L63-M63 | L63: =COUNTIFS('Chart Register'!$C$5:$C$1004,$B63,'Chart Register'!$N$5:$N$1004,"On hold") | M63: =COUNTIFS('Chart Register'!$C$5:$C$1004,$B63,'Chart Register'!$N$5:$N$1004,"Retired") | N63: =IF($H63=0,"NA",J63/$H63) | O63: =$H63-J63 | P63: =IF($H63=0,"NA",IF(J63>=$H63,"Complete",IF(J63/$H63>='Schedule Model'!$C$8,"At or above threshold","BELOW THRESHOLD — source now"))) | Q63: =IF('Schedule Model'!$G$15="NA","NA",INT('Schedule Model'!$C$5+0.381068*'Schedule Model'!$G$15*7)) | R63: =IF(OR($H63=0,NOT(ISNUMBER(Q63))),"NA",IF(J63>=$H63,"On target",IF(TODAY()<=Q63,"Not yet due",TODAY()-Q63))) | S63: =COUNTIFS('Issues Log'!$D$5:$D$504,$B63,'Issues Log'!$K$5:$K$504,"Open")+COUNTIFS('Issues Log'!$D$5:$D$504,$B63,'Issues Log'!$K$5:$K$504,"In progress")
A64: E/M | B64: EM-17 | C64: Subsequent hospital inpatient or observation care (99231-99233) | D64: Inpatient and observation | E64: P1 | F64: Moderate-led | G64: C1 High error rate | H64: 25 | I64: =COUNTIFS('Chart Register'!$C$5:$C$1004,$B64) | J64: =COUNTIFS('Chart Register'!$C$5:$C$1004,$B64,'Chart Register'!$N$5:$N$1004,"Live") | K64: =I64-J64-L64-M64 | L64: =COUNTIFS('Chart Register'!$C$5:$C$1004,$B64,'Chart Register'!$N$5:$N$1004,"On hold") | M64: =COUNTIFS('Chart Register'!$C$5:$C$1004,$B64,'Chart Register'!$N$5:$N$1004,"Retired") | N64: =IF($H64=0,"NA",J64/$H64) | O64: =$H64-J64 | P64: =IF($H64=0,"NA",IF(J64>=$H64,"Complete",IF(J64/$H64>='Schedule Model'!$C$8,"At or above threshold","BELOW THRESHOLD — source now"))) | Q64: =IF('Schedule Model'!$G$15="NA","NA",INT('Schedule Model'!$C$5+0.441748*'Schedule Model'!$G$15*7)) | R64: =IF(OR($H64=0,NOT(ISNUMBER(Q64))),"NA",IF(J64>=$H64,"On target",IF(TODAY()<=Q64,"Not yet due",TODAY()-Q64))) | S64: =COUNTIFS('Issues Log'!$D$5:$D$504,$B64,'Issues Log'!$K$5:$K$504,"Open")+COUNTIFS('Issues Log'!$D$5:$D$504,$B64,'Issues Log'!$K$5:$K$504,"In progress")
A65: E/M | B65: EM-18 | C65: Discharge day management (99238 / 99239) | D65: Inpatient and observation | E65: P1 | F65: Moderate-led | G65: C7 Denial trends | H65: 17 | I65: =COUNTIFS('Chart Register'!$C$5:$C$1004,$B65) | J65: =COUNTIFS('Chart Register'!$C$5:$C$1004,$B65,'Chart Register'!$N$5:$N$1004,"Live") | K65: =I65-J65-L65-M65 | L65: =COUNTIFS('Chart Register'!$C$5:$C$1004,$B65,'Chart Register'!$N$5:$N$1004,"On hold") | M65: =COUNTIFS('Chart Register'!$C$5:$C$1004,$B65,'Chart Register'!$N$5:$N$1004,"Retired") | N65: =IF($H65=0,"NA",J65/$H65) | O65: =$H65-J65 | P65: =IF($H65=0,"NA",IF(J65>=$H65,"Complete",IF(J65/$H65>='Schedule Model'!$C$8,"At or above threshold","BELOW THRESHOLD — source now"))) | Q65: =IF('Schedule Model'!$G$15="NA","NA",INT('Schedule Model'!$C$5+0.48301*'Schedule Model'!$G$15*7)) | R65: =IF(OR($H65=0,NOT(ISNUMBER(Q65))),"NA",IF(J65>=$H65,"On target",IF(TODAY()<=Q65,"Not yet due",TODAY()-Q65))) | S65: =COUNTIFS('Issues Log'!$D$5:$D$504,$B65,'Issues Log'!$K$5:$K$504,"Open")+COUNTIFS('Issues Log'!$D$5:$D$504,$B65,'Issues Log'!$K$5:$K$504,"In progress")
A66: E/M | B66: EM-05 | C66: Level 5 office visit, new and established (99205 / 99215) | D66: Office / outpatient visits | E66: P2 | F66: Complex-led | G66: C2 High dollar value | H66: 29 | I66: =COUNTIFS('Chart Register'!$C$5:$C$1004,$B66) | J66: =COUNTIFS('Chart Register'!$C$5:$C$1004,$B66,'Chart Register'!$N$5:$N$1004,"Live") | K66: =I66-J66-L66-M66 | L66: =COUNTIFS('Chart Register'!$C$5:$C$1004,$B66,'Chart Register'!$N$5:$N$1004,"On hold") | M66: =COUNTIFS('Chart Register'!$C$5:$C$1004,$B66,'Chart Register'!$N$5:$N$1004,"Retired") | N66: =IF($H66=0,"NA",J66/$H66) | O66: =$H66-J66 | P66: =IF($H66=0,"NA",IF(J66>=$H66,"Complete",IF(J66/$H66>='Schedule Model'!$C$8,"At or above threshold","BELOW THRESHOLD — source now"))) | Q66: =IF('Schedule Model'!$G$15="NA","NA",INT('Schedule Model'!$C$5+0.553398*'Schedule Model'!$G$15*7)) | R66: =IF(OR($H66=0,NOT(ISNUMBER(Q66))),"NA",IF(J66>=$H66,"On target",IF(TODAY()<=Q66,"Not yet due",TODAY()-Q66))) | S66: =COUNTIFS('Issues Log'!$D$5:$D$504,$B66,'Issues Log'!$K$5:$K$504,"Open")+COUNTIFS('Issues Log'!$D$5:$D$504,$B66,'Issues Log'!$K$5:$K$504,"In progress")
A67: E/M | B67: EM-07 | C67: Visits levelled by time, and prolonged service add-ons (99417 / G2212) | D67: Time-based and prolonged services | E67: P2 | F67: Complex-led | G67: C7 Denial trends | H67: 17 | I67: =COUNTIFS('Chart Register'!$C$5:$C$1004,$B67) | J67: =COUNTIFS('Chart Register'!$C$5:$C$1004,$B67,'Chart Register'!$N$5:$N$1004,"Live") | K67: =I67-J67-L67-M67 | L67: =COUNTIFS('Chart Register'!$C$5:$C$1004,$B67,'Chart Register'!$N$5:$N$1004,"On hold") | M67: =COUNTIFS('Chart Register'!$C$5:$C$1004,$B67,'Chart Register'!$N$5:$N$1004,"Retired") | N67: =IF($H67=0,"NA",J67/$H67) | O67: =$H67-J67 | P67: =IF($H67=0,"NA",IF(J67>=$H67,"Complete",IF(J67/$H67>='Schedule Model'!$C$8,"At or above threshold","BELOW THRESHOLD — source now"))) | Q67: =IF('Schedule Model'!$G$15="NA","NA",INT('Schedule Model'!$C$5+0.59466*'Schedule Model'!$G$15*7)) | R67: =IF(OR($H67=0,NOT(ISNUMBER(Q67))),"NA",IF(J67>=$H67,"On target",IF(TODAY()<=Q67,"Not yet due",TODAY()-Q67))) | S67: =COUNTIFS('Issues Log'!$D$5:$D$504,$B67,'Issues Log'!$K$5:$K$504,"Open")+COUNTIFS('Issues Log'!$D$5:$D$504,$B67,'Issues Log'!$K$5:$K$504,"In progress")
A68: E/M | B68: EM-08 | C68: Annual wellness visit — initial versus subsequent (G0438 / G0439) | D68: Preventive and wellness | E68: P2 | F68: Moderate-led | G68: C7 Denial trends | H68: 21 | I68: =COUNTIFS('Chart Register'!$C$5:$C$1004,$B68) | J68: =COUNTIFS('Chart Register'!$C$5:$C$1004,$B68,'Chart Register'!$N$5:$N$1004,"Live") | K68: =I68-J68-L68-M68 | L68: =COUNTIFS('Chart Register'!$C$5:$C$1004,$B68,'Chart Register'!$N$5:$N$1004,"On hold") | M68: =COUNTIFS('Chart Register'!$C$5:$C$1004,$B68,'Chart Register'!$N$5:$N$1004,"Retired") | N68: =IF($H68=0,"NA",J68/$H68) | O68: =$H68-J68 | P68: =IF($H68=0,"NA",IF(J68>=$H68,"Complete",IF(J68/$H68>='Schedule Model'!$C$8,"At or above threshold","BELOW THRESHOLD — source now"))) | Q68: =IF('Schedule Model'!$G$15="NA","NA",INT('Schedule Model'!$C$5+0.645631*'Schedule Model'!$G$15*7)) | R68: =IF(OR($H68=0,NOT(ISNUMBER(Q68))),"NA",IF(J68>=$H68,"On target",IF(TODAY()<=Q68,"Not yet due",TODAY()-Q68))) | S68: =COUNTIFS('Issues Log'!$D$5:$D$504,$B68,'Issues Log'!$K$5:$K$504,"Open")+COUNTIFS('Issues Log'!$D$5:$D$504,$B68,'Issues Log'!$K$5:$K$504,"In progress")
A69: E/M | B69: EM-09 | C69: Preventive medicine visits, age-banded (99381-99397) | D69: Preventive and wellness | E69: P2 | F69: Basic-led | G69: C8 Foundation | H69: 17 | I69: =COUNTIFS('Chart Register'!$C$5:$C$1004,$B69) | J69: =COUNTIFS('Chart Register'!$C$5:$C$1004,$B69,'Chart Register'!$N$5:$N$1004,"Live") | K69: =I69-J69-L69-M69 | L69: =COUNTIFS('Chart Register'!$C$5:$C$1004,$B69,'Chart Register'!$N$5:$N$1004,"On hold") | M69: =COUNTIFS('Chart Register'!$C$5:$C$1004,$B69,'Chart Register'!$N$5:$N$1004,"Retired") | N69: =IF($H69=0,"NA",J69/$H69) | O69: =$H69-J69 | P69: =IF($H69=0,"NA",IF(J69>=$H69,"Complete",IF(J69/$H69>='Schedule Model'!$C$8,"At or above threshold","BELOW THRESHOLD — source now"))) | Q69: =IF('Schedule Model'!$G$15="NA","NA",INT('Schedule Model'!$C$5+0.686893*'Schedule Model'!$G$15*7)) | R69: =IF(OR($H69=0,NOT(ISNUMBER(Q69))),"NA",IF(J69>=$H69,"On target",IF(TODAY()<=Q69,"Not yet due",TODAY()-Q69))) | S69: =COUNTIFS('Issues Log'!$D$5:$D$504,$B69,'Issues Log'!$K$5:$K$504,"Open")+COUNTIFS('Issues Log'!$D$5:$D$504,$B69,'Issues Log'!$K$5:$K$504,"In progress")
A70: E/M | B70: EM-10 | C70: Preventive or AWV with a same-day problem visit | D70: Preventive and wellness | E70: P2 | F70: Complex-led | G70: C1 High error rate | H70: 12 | I70: =COUNTIFS('Chart Register'!$C$5:$C$1004,$B70) | J70: =COUNTIFS('Chart Register'!$C$5:$C$1004,$B70,'Chart Register'!$N$5:$N$1004,"Live") | K70: =I70-J70-L70-M70 | L70: =COUNTIFS('Chart Register'!$C$5:$C$1004,$B70,'Chart Register'!$N$5:$N$1004,"On hold") | M70: =COUNTIFS('Chart Register'!$C$5:$C$1004,$B70,'Chart Register'!$N$5:$N$1004,"Retired") | N70: =IF($H70=0,"NA",J70/$H70) | O70: =$H70-J70 | P70: =IF($H70=0,"NA",IF(J70>=$H70,"Complete",IF(J70/$H70>='Schedule Model'!$C$8,"At or above threshold","BELOW THRESHOLD — source now"))) | Q70: =IF('Schedule Model'!$G$15="NA","NA",INT('Schedule Model'!$C$5+0.716019*'Schedule Model'!$G$15*7)) | R70: =IF(OR($H70=0,NOT(ISNUMBER(Q70))),"NA",IF(J70>=$H70,"On target",IF(TODAY()<=Q70,"Not yet due",TODAY()-Q70))) | S70: =COUNTIFS('Issues Log'!$D$5:$D$504,$B70,'Issues Log'!$K$5:$K$504,"Open")+COUNTIFS('Issues Log'!$D$5:$D$504,$B70,'Issues Log'!$K$5:$K$504,"In progress")
A71: E/M | B71: EM-11 | C71: Screening and counselling services | D71: Preventive and wellness | E71: P2 | F71: Moderate-led | G71: C7 Denial trends | H71: 8 | I71: =COUNTIFS('Chart Register'!$C$5:$C$1004,$B71) | J71: =COUNTIFS('Chart Register'!$C$5:$C$1004,$B71,'Chart Register'!$N$5:$N$1004,"Live") | K71: =I71-J71-L71-M71 | L71: =COUNTIFS('Chart Register'!$C$5:$C$1004,$B71,'Chart Register'!$N$5:$N$1004,"On hold") | M71: =COUNTIFS('Chart Register'!$C$5:$C$1004,$B71,'Chart Register'!$N$5:$N$1004,"Retired") | N71: =IF($H71=0,"NA",J71/$H71) | O71: =$H71-J71 | P71: =IF($H71=0,"NA",IF(J71>=$H71,"Complete",IF(J71/$H71>='Schedule Model'!$C$8,"At or above threshold","BELOW THRESHOLD — source now"))) | Q71: =IF('Schedule Model'!$G$15="NA","NA",INT('Schedule Model'!$C$5+0.735437*'Schedule Model'!$G$15*7)) | R71: =IF(OR($H71=0,NOT(ISNUMBER(Q71))),"NA",IF(J71>=$H71,"On target",IF(TODAY()<=Q71,"Not yet due",TODAY()-Q71))) | S71: =COUNTIFS('Issues Log'!$D$5:$D$504,$B71,'Issues Log'!$K$5:$K$504,"Open")+COUNTIFS('Issues Log'!$D$5:$D$504,$B71,'Issues Log'!$K$5:$K$504,"In progress")
A72: E/M | B72: EM-19 | C72: Same-day admission and discharge (99234-99236) | D72: Inpatient and observation | E72: P2 | F72: Complex-led | G72: C1 High error rate | H72: 8 | I72: =COUNTIFS('Chart Register'!$C$5:$C$1004,$B72) | J72: =COUNTIFS('Chart Register'!$C$5:$C$1004,$B72,'Chart Register'!$N$5:$N$1004,"Live") | K72: =I72-J72-L72-M72 | L72: =COUNTIFS('Chart Register'!$C$5:$C$1004,$B72,'Chart Register'!$N$5:$N$1004,"On hold") | M72: =COUNTIFS('Chart Register'!$C$5:$C$1004,$B72,'Chart Register'!$N$5:$N$1004,"Retired") | N72: =IF($H72=0,"NA",J72/$H72) | O72: =$H72-J72 | P72: =IF($H72=0,"NA",IF(J72>=$H72,"Complete",IF(J72/$H72>='Schedule Model'!$C$8,"At or above threshold","BELOW THRESHOLD — source now"))) | Q72: =IF('Schedule Model'!$G$15="NA","NA",INT('Schedule Model'!$C$5+0.754854*'Schedule Model'!$G$15*7)) | R72: =IF(OR($H72=0,NOT(ISNUMBER(Q72))),"NA",IF(J72>=$H72,"On target",IF(TODAY()<=Q72,"Not yet due",TODAY()-Q72))) | S72: =COUNTIFS('Issues Log'!$D$5:$D$504,$B72,'Issues Log'!$K$5:$K$504,"Open")+COUNTIFS('Issues Log'!$D$5:$D$504,$B72,'Issues Log'!$K$5:$K$504,"In progress")
A73: E/M | B73: EM-20 | C73: Inpatient critical care (99291 / 99292) | D73: Critical care and neonatal intensive care | E73: P2 | F73: Complex-led | G73: C2 High dollar value | H73: 12 | I73: =COUNTIFS('Chart Register'!$C$5:$C$1004,$B73) | J73: =COUNTIFS('Chart Register'!$C$5:$C$1004,$B73,'Chart Register'!$N$5:$N$1004,"Live") | K73: =I73-J73-L73-M73 | L73: =COUNTIFS('Chart Register'!$C$5:$C$1004,$B73,'Chart Register'!$N$5:$N$1004,"On hold") | M73: =COUNTIFS('Chart Register'!$C$5:$C$1004,$B73,'Chart Register'!$N$5:$N$1004,"Retired") | N73: =IF($H73=0,"NA",J73/$H73) | O73: =$H73-J73 | P73: =IF($H73=0,"NA",IF(J73>=$H73,"Complete",IF(J73/$H73>='Schedule Model'!$C$8,"At or above threshold","BELOW THRESHOLD — source now"))) | Q73: =IF('Schedule Model'!$G$15="NA","NA",INT('Schedule Model'!$C$5+0.783981*'Schedule Model'!$G$15*7)) | R73: =IF(OR($H73=0,NOT(ISNUMBER(Q73))),"NA",IF(J73>=$H73,"On target",IF(TODAY()<=Q73,"Not yet due",TODAY()-Q73))) | S73: =COUNTIFS('Issues Log'!$D$5:$D$504,$B73,'Issues Log'!$K$5:$K$504,"Open")+COUNTIFS('Issues Log'!$D$5:$D$504,$B73,'Issues Log'!$K$5:$K$504,"In progress")
A74: E/M | B74: EM-22 | C74: Office and outpatient consultations (99242-99245) | D74: Consultations | E74: P2 | F74: Complex-led | G74: C6 Customer escalations | H74: 8 | I74: =COUNTIFS('Chart Register'!$C$5:$C$1004,$B74) | J74: =COUNTIFS('Chart Register'!$C$5:$C$1004,$B74,'Chart Register'!$N$5:$N$1004,"Live") | K74: =I74-J74-L74-M74 | L74: =COUNTIFS('Chart Register'!$C$5:$C$1004,$B74,'Chart Register'!$N$5:$N$1004,"On hold") | M74: =COUNTIFS('Chart Register'!$C$5:$C$1004,$B74,'Chart Register'!$N$5:$N$1004,"Retired") | N74: =IF($H74=0,"NA",J74/$H74) | O74: =$H74-J74 | P74: =IF($H74=0,"NA",IF(J74>=$H74,"Complete",IF(J74/$H74>='Schedule Model'!$C$8,"At or above threshold","BELOW THRESHOLD — source now"))) | Q74: =IF('Schedule Model'!$G$15="NA","NA",INT('Schedule Model'!$C$5+0.803398*'Schedule Model'!$G$15*7)) | R74: =IF(OR($H74=0,NOT(ISNUMBER(Q74))),"NA",IF(J74>=$H74,"On target",IF(TODAY()<=Q74,"Not yet due",TODAY()-Q74))) | S74: =COUNTIFS('Issues Log'!$D$5:$D$504,$B74,'Issues Log'!$K$5:$K$504,"Open")+COUNTIFS('Issues Log'!$D$5:$D$504,$B74,'Issues Log'!$K$5:$K$504,"In progress")
A75: E/M | B75: EM-23 | C75: Inpatient consultations (99252-99255) | D75: Consultations | E75: P2 | F75: Complex-led | G75: C6 Customer escalations | H75: 8 | I75: =COUNTIFS('Chart Register'!$C$5:$C$1004,$B75) | J75: =COUNTIFS('Chart Register'!$C$5:$C$1004,$B75,'Chart Register'!$N$5:$N$1004,"Live") | K75: =I75-J75-L75-M75 | L75: =COUNTIFS('Chart Register'!$C$5:$C$1004,$B75,'Chart Register'!$N$5:$N$1004,"On hold") | M75: =COUNTIFS('Chart Register'!$C$5:$C$1004,$B75,'Chart Register'!$N$5:$N$1004,"Retired") | N75: =IF($H75=0,"NA",J75/$H75) | O75: =$H75-J75 | P75: =IF($H75=0,"NA",IF(J75>=$H75,"Complete",IF(J75/$H75>='Schedule Model'!$C$8,"At or above threshold","BELOW THRESHOLD — source now"))) | Q75: =IF('Schedule Model'!$G$15="NA","NA",INT('Schedule Model'!$C$5+0.822816*'Schedule Model'!$G$15*7)) | R75: =IF(OR($H75=0,NOT(ISNUMBER(Q75))),"NA",IF(J75>=$H75,"On target",IF(TODAY()<=Q75,"Not yet due",TODAY()-Q75))) | S75: =COUNTIFS('Issues Log'!$D$5:$D$504,$B75,'Issues Log'!$K$5:$K$504,"Open")+COUNTIFS('Issues Log'!$D$5:$D$504,$B75,'Issues Log'!$K$5:$K$504,"In progress")
A76: E/M | B76: EM-06 | C76: Level 1-2 office visits (99202 / 99211 / 99212) | D76: Office / outpatient visits | E76: P3 | F76: Basic-led | G76: C8 Foundation | H76: 12 | I76: =COUNTIFS('Chart Register'!$C$5:$C$1004,$B76) | J76: =COUNTIFS('Chart Register'!$C$5:$C$1004,$B76,'Chart Register'!$N$5:$N$1004,"Live") | K76: =I76-J76-L76-M76 | L76: =COUNTIFS('Chart Register'!$C$5:$C$1004,$B76,'Chart Register'!$N$5:$N$1004,"On hold") | M76: =COUNTIFS('Chart Register'!$C$5:$C$1004,$B76,'Chart Register'!$N$5:$N$1004,"Retired") | N76: =IF($H76=0,"NA",J76/$H76) | O76: =$H76-J76 | P76: =IF($H76=0,"NA",IF(J76>=$H76,"Complete",IF(J76/$H76>='Schedule Model'!$C$8,"At or above threshold","BELOW THRESHOLD — source now"))) | Q76: =IF('Schedule Model'!$G$15="NA","NA",INT('Schedule Model'!$C$5+0.851942*'Schedule Model'!$G$15*7)) | R76: =IF(OR($H76=0,NOT(ISNUMBER(Q76))),"NA",IF(J76>=$H76,"On target",IF(TODAY()<=Q76,"Not yet due",TODAY()-Q76))) | S76: =COUNTIFS('Issues Log'!$D$5:$D$504,$B76,'Issues Log'!$K$5:$K$504,"Open")+COUNTIFS('Issues Log'!$D$5:$D$504,$B76,'Issues Log'!$K$5:$K$504,"In progress")
A77: E/M | B77: EM-12 | C77: Minor office procedures billed with an E/M | D77: Office procedures with an E/M | E77: P3 | F77: Moderate-led | G77: C1 High error rate | H77: 21 | I77: =COUNTIFS('Chart Register'!$C$5:$C$1004,$B77) | J77: =COUNTIFS('Chart Register'!$C$5:$C$1004,$B77,'Chart Register'!$N$5:$N$1004,"Live") | K77: =I77-J77-L77-M77 | L77: =COUNTIFS('Chart Register'!$C$5:$C$1004,$B77,'Chart Register'!$N$5:$N$1004,"On hold") | M77: =COUNTIFS('Chart Register'!$C$5:$C$1004,$B77,'Chart Register'!$N$5:$N$1004,"Retired") | N77: =IF($H77=0,"NA",J77/$H77) | O77: =$H77-J77 | P77: =IF($H77=0,"NA",IF(J77>=$H77,"Complete",IF(J77/$H77>='Schedule Model'!$C$8,"At or above threshold","BELOW THRESHOLD — source now"))) | Q77: =IF('Schedule Model'!$G$15="NA","NA",INT('Schedule Model'!$C$5+0.902913*'Schedule Model'!$G$15*7)) | R77: =IF(OR($H77=0,NOT(ISNUMBER(Q77))),"NA",IF(J77>=$H77,"On target",IF(TODAY()<=Q77,"Not yet due",TODAY()-Q77))) | S77: =COUNTIFS('Issues Log'!$D$5:$D$504,$B77,'Issues Log'!$K$5:$K$504,"Open")+COUNTIFS('Issues Log'!$D$5:$D$504,$B77,'Issues Log'!$K$5:$K$504,"In progress")
A78: E/M | B78: EM-13 | C78: Transitional care management (99495 / 99496) | D78: Care management and transitional care | E78: P3 | F78: Complex-led | G78: C7 Denial trends | H78: 12 | I78: =COUNTIFS('Chart Register'!$C$5:$C$1004,$B78) | J78: =COUNTIFS('Chart Register'!$C$5:$C$1004,$B78,'Chart Register'!$N$5:$N$1004,"Live") | K78: =I78-J78-L78-M78 | L78: =COUNTIFS('Chart Register'!$C$5:$C$1004,$B78,'Chart Register'!$N$5:$N$1004,"On hold") | M78: =COUNTIFS('Chart Register'!$C$5:$C$1004,$B78,'Chart Register'!$N$5:$N$1004,"Retired") | N78: =IF($H78=0,"NA",J78/$H78) | O78: =$H78-J78 | P78: =IF($H78=0,"NA",IF(J78>=$H78,"Complete",IF(J78/$H78>='Schedule Model'!$C$8,"At or above threshold","BELOW THRESHOLD — source now"))) | Q78: =IF('Schedule Model'!$G$15="NA","NA",INT('Schedule Model'!$C$5+0.932039*'Schedule Model'!$G$15*7)) | R78: =IF(OR($H78=0,NOT(ISNUMBER(Q78))),"NA",IF(J78>=$H78,"On target",IF(TODAY()<=Q78,"Not yet due",TODAY()-Q78))) | S78: =COUNTIFS('Issues Log'!$D$5:$D$504,$B78,'Issues Log'!$K$5:$K$504,"Open")+COUNTIFS('Issues Log'!$D$5:$D$504,$B78,'Issues Log'!$K$5:$K$504,"In progress")
A79: E/M | B79: EM-15 | C79: Telehealth and virtual services | D79: Telehealth | E79: P3 | F79: Moderate-led | G79: C6 Customer escalations | H79: 12 | I79: =COUNTIFS('Chart Register'!$C$5:$C$1004,$B79) | J79: =COUNTIFS('Chart Register'!$C$5:$C$1004,$B79,'Chart Register'!$N$5:$N$1004,"Live") | K79: =I79-J79-L79-M79 | L79: =COUNTIFS('Chart Register'!$C$5:$C$1004,$B79,'Chart Register'!$N$5:$N$1004,"On hold") | M79: =COUNTIFS('Chart Register'!$C$5:$C$1004,$B79,'Chart Register'!$N$5:$N$1004,"Retired") | N79: =IF($H79=0,"NA",J79/$H79) | O79: =$H79-J79 | P79: =IF($H79=0,"NA",IF(J79>=$H79,"Complete",IF(J79/$H79>='Schedule Model'!$C$8,"At or above threshold","BELOW THRESHOLD — source now"))) | Q79: =IF('Schedule Model'!$G$15="NA","NA",INT('Schedule Model'!$C$5+0.961165*'Schedule Model'!$G$15*7)) | R79: =IF(OR($H79=0,NOT(ISNUMBER(Q79))),"NA",IF(J79>=$H79,"On target",IF(TODAY()<=Q79,"Not yet due",TODAY()-Q79))) | S79: =COUNTIFS('Issues Log'!$D$5:$D$504,$B79,'Issues Log'!$K$5:$K$504,"Open")+COUNTIFS('Issues Log'!$D$5:$D$504,$B79,'Issues Log'!$K$5:$K$504,"In progress")
A80: E/M | B80: EM-21 | C80: Neonatal and paediatric critical care (99468-99476) | D80: Critical care and neonatal intensive care | E80: P3 | F80: Complex-led | G80: C6 Customer escalations | H80: 8 | I80: =COUNTIFS('Chart Register'!$C$5:$C$1004,$B80) | J80: =COUNTIFS('Chart Register'!$C$5:$C$1004,$B80,'Chart Register'!$N$5:$N$1004,"Live") | K80: =I80-J80-L80-M80 | L80: =COUNTIFS('Chart Register'!$C$5:$C$1004,$B80,'Chart Register'!$N$5:$N$1004,"On hold") | M80: =COUNTIFS('Chart Register'!$C$5:$C$1004,$B80,'Chart Register'!$N$5:$N$1004,"Retired") | N80: =IF($H80=0,"NA",J80/$H80) | O80: =$H80-J80 | P80: =IF($H80=0,"NA",IF(J80>=$H80,"Complete",IF(J80/$H80>='Schedule Model'!$C$8,"At or above threshold","BELOW THRESHOLD — source now"))) | Q80: =IF('Schedule Model'!$G$15="NA","NA",INT('Schedule Model'!$C$5+0.980583*'Schedule Model'!$G$15*7)) | R80: =IF(OR($H80=0,NOT(ISNUMBER(Q80))),"NA",IF(J80>=$H80,"On target",IF(TODAY()<=Q80,"Not yet due",TODAY()-Q80))) | S80: =COUNTIFS('Issues Log'!$D$5:$D$504,$B80,'Issues Log'!$K$5:$K$504,"Open")+COUNTIFS('Issues Log'!$D$5:$D$504,$B80,'Issues Log'!$K$5:$K$504,"In progress")
A81: E/M | B81: EM-14 | C81: Chronic care management (99490 / 99439 / 99487) | D81: Care management and transitional care | E81: P4 | F81: Moderate-led | G81: C7 Denial trends | H81: 8 | I81: =COUNTIFS('Chart Register'!$C$5:$C$1004,$B81) | J81: =COUNTIFS('Chart Register'!$C$5:$C$1004,$B81,'Chart Register'!$N$5:$N$1004,"Live") | K81: =I81-J81-L81-M81 | L81: =COUNTIFS('Chart Register'!$C$5:$C$1004,$B81,'Chart Register'!$N$5:$N$1004,"On hold") | M81: =COUNTIFS('Chart Register'!$C$5:$C$1004,$B81,'Chart Register'!$N$5:$N$1004,"Retired") | N81: =IF($H81=0,"NA",J81/$H81) | O81: =$H81-J81 | P81: =IF($H81=0,"NA",IF(J81>=$H81,"Complete",IF(J81/$H81>='Schedule Model'!$C$8,"At or above threshold","BELOW THRESHOLD — source now"))) | Q81: =IF('Schedule Model'!$G$15="NA","NA",INT('Schedule Model'!$C$5+1.0*'Schedule Model'!$G$15*7)) | R81: =IF(OR($H81=0,NOT(ISNUMBER(Q81))),"NA",IF(J81>=$H81,"On target",IF(TODAY()<=Q81,"Not yet due",TODAY()-Q81))) | S81: =COUNTIFS('Issues Log'!$D$5:$D$504,$B81,'Issues Log'!$K$5:$K$504,"Open")+COUNTIFS('Issues Log'!$D$5:$D$504,$B81,'Issues Log'!$K$5:$K$504,"In progress")
A82: SDS | B82: SDS-01 | C82: Knee and shoulder arthroscopy | D82: Orthopaedics | E82: P2 | F82: Moderate-led | G82: C1 High error rate | H82: 13 | I82: =COUNTIFS('Chart Register'!$C$5:$C$1004,$B82) | J82: =COUNTIFS('Chart Register'!$C$5:$C$1004,$B82,'Chart Register'!$N$5:$N$1004,"Live") | K82: =I82-J82-L82-M82 | L82: =COUNTIFS('Chart Register'!$C$5:$C$1004,$B82,'Chart Register'!$N$5:$N$1004,"On hold") | M82: =COUNTIFS('Chart Register'!$C$5:$C$1004,$B82,'Chart Register'!$N$5:$N$1004,"Retired") | N82: =IF($H82=0,"NA",J82/$H82) | O82: =$H82-J82 | P82: =IF($H82=0,"NA",IF(J82>=$H82,"Complete",IF(J82/$H82>='Schedule Model'!$C$8,"At or above threshold","BELOW THRESHOLD — source now"))) | Q82: =IF('Schedule Model'!$G$16="NA","NA",INT('Schedule Model'!$C$5+0.098485*'Schedule Model'!$G$16*7)) | R82: =IF(OR($H82=0,NOT(ISNUMBER(Q82))),"NA",IF(J82>=$H82,"On target",IF(TODAY()<=Q82,"Not yet due",TODAY()-Q82))) | S82: =COUNTIFS('Issues Log'!$D$5:$D$504,$B82,'Issues Log'!$K$5:$K$504,"Open")+COUNTIFS('Issues Log'!$D$5:$D$504,$B82,'Issues Log'!$K$5:$K$504,"In progress")
A83: SDS | B83: SDS-02 | C83: Hand and foot procedures | D83: Orthopaedics | E83: P2 | F83: Moderate-led | G83: C8 Foundation | H83: 11 | I83: =COUNTIFS('Chart Register'!$C$5:$C$1004,$B83) | J83: =COUNTIFS('Chart Register'!$C$5:$C$1004,$B83,'Chart Register'!$N$5:$N$1004,"Live") | K83: =I83-J83-L83-M83 | L83: =COUNTIFS('Chart Register'!$C$5:$C$1004,$B83,'Chart Register'!$N$5:$N$1004,"On hold") | M83: =COUNTIFS('Chart Register'!$C$5:$C$1004,$B83,'Chart Register'!$N$5:$N$1004,"Retired") | N83: =IF($H83=0,"NA",J83/$H83) | O83: =$H83-J83 | P83: =IF($H83=0,"NA",IF(J83>=$H83,"Complete",IF(J83/$H83>='Schedule Model'!$C$8,"At or above threshold","BELOW THRESHOLD — source now"))) | Q83: =IF('Schedule Model'!$G$16="NA","NA",INT('Schedule Model'!$C$5+0.181818*'Schedule Model'!$G$16*7)) | R83: =IF(OR($H83=0,NOT(ISNUMBER(Q83))),"NA",IF(J83>=$H83,"On target",IF(TODAY()<=Q83,"Not yet due",TODAY()-Q83))) | S83: =COUNTIFS('Issues Log'!$D$5:$D$504,$B83,'Issues Log'!$K$5:$K$504,"Open")+COUNTIFS('Issues Log'!$D$5:$D$504,$B83,'Issues Log'!$K$5:$K$504,"In progress")
A84: SDS | B84: SDS-03 | C84: Fracture care and hardware removal | D84: Orthopaedics | E84: P2 | F84: Moderate-led | G84: C8 Foundation | H84: 9 | I84: =COUNTIFS('Chart Register'!$C$5:$C$1004,$B84) | J84: =COUNTIFS('Chart Register'!$C$5:$C$1004,$B84,'Chart Register'!$N$5:$N$1004,"Live") | K84: =I84-J84-L84-M84 | L84: =COUNTIFS('Chart Register'!$C$5:$C$1004,$B84,'Chart Register'!$N$5:$N$1004,"On hold") | M84: =COUNTIFS('Chart Register'!$C$5:$C$1004,$B84,'Chart Register'!$N$5:$N$1004,"Retired") | N84: =IF($H84=0,"NA",J84/$H84) | O84: =$H84-J84 | P84: =IF($H84=0,"NA",IF(J84>=$H84,"Complete",IF(J84/$H84>='Schedule Model'!$C$8,"At or above threshold","BELOW THRESHOLD — source now"))) | Q84: =IF('Schedule Model'!$G$16="NA","NA",INT('Schedule Model'!$C$5+0.25*'Schedule Model'!$G$16*7)) | R84: =IF(OR($H84=0,NOT(ISNUMBER(Q84))),"NA",IF(J84>=$H84,"On target",IF(TODAY()<=Q84,"Not yet due",TODAY()-Q84))) | S84: =COUNTIFS('Issues Log'!$D$5:$D$504,$B84,'Issues Log'!$K$5:$K$504,"Open")+COUNTIFS('Issues Log'!$D$5:$D$504,$B84,'Issues Log'!$K$5:$K$504,"In progress")
A85: SDS | B85: SDS-04 | C85: Screening versus diagnostic colonoscopy | D85: GI / endoscopy | E85: P2 | F85: Moderate-led | G85: C7 Denial trends | H85: 13 | I85: =COUNTIFS('Chart Register'!$C$5:$C$1004,$B85) | J85: =COUNTIFS('Chart Register'!$C$5:$C$1004,$B85,'Chart Register'!$N$5:$N$1004,"Live") | K85: =I85-J85-L85-M85 | L85: =COUNTIFS('Chart Register'!$C$5:$C$1004,$B85,'Chart Register'!$N$5:$N$1004,"On hold") | M85: =COUNTIFS('Chart Register'!$C$5:$C$1004,$B85,'Chart Register'!$N$5:$N$1004,"Retired") | N85: =IF($H85=0,"NA",J85/$H85) | O85: =$H85-J85 | P85: =IF($H85=0,"NA",IF(J85>=$H85,"Complete",IF(J85/$H85>='Schedule Model'!$C$8,"At or above threshold","BELOW THRESHOLD — source now"))) | Q85: =IF('Schedule Model'!$G$16="NA","NA",INT('Schedule Model'!$C$5+0.348485*'Schedule Model'!$G$16*7)) | R85: =IF(OR($H85=0,NOT(ISNUMBER(Q85))),"NA",IF(J85>=$H85,"On target",IF(TODAY()<=Q85,"Not yet due",TODAY()-Q85))) | S85: =COUNTIFS('Issues Log'!$D$5:$D$504,$B85,'Issues Log'!$K$5:$K$504,"Open")+COUNTIFS('Issues Log'!$D$5:$D$504,$B85,'Issues Log'!$K$5:$K$504,"In progress")
A86: SDS | B86: SDS-05 | C86: Colonoscopy with polypectomy — technique-driven coding | D86: GI / endoscopy | E86: P2 | F86: Complex-led | G86: C1 High error rate | H86: 11 | I86: =COUNTIFS('Chart Register'!$C$5:$C$1004,$B86) | J86: =COUNTIFS('Chart Register'!$C$5:$C$1004,$B86,'Chart Register'!$N$5:$N$1004,"Live") | K86: =I86-J86-L86-M86 | L86: =COUNTIFS('Chart Register'!$C$5:$C$1004,$B86,'Chart Register'!$N$5:$N$1004,"On hold") | M86: =COUNTIFS('Chart Register'!$C$5:$C$1004,$B86,'Chart Register'!$N$5:$N$1004,"Retired") | N86: =IF($H86=0,"NA",J86/$H86) | O86: =$H86-J86 | P86: =IF($H86=0,"NA",IF(J86>=$H86,"Complete",IF(J86/$H86>='Schedule Model'!$C$8,"At or above threshold","BELOW THRESHOLD — source now"))) | Q86: =IF('Schedule Model'!$G$16="NA","NA",INT('Schedule Model'!$C$5+0.431818*'Schedule Model'!$G$16*7)) | R86: =IF(OR($H86=0,NOT(ISNUMBER(Q86))),"NA",IF(J86>=$H86,"On target",IF(TODAY()<=Q86,"Not yet due",TODAY()-Q86))) | S86: =COUNTIFS('Issues Log'!$D$5:$D$504,$B86,'Issues Log'!$K$5:$K$504,"Open")+COUNTIFS('Issues Log'!$D$5:$D$504,$B86,'Issues Log'!$K$5:$K$504,"In progress")
A87: SDS | B87: SDS-06 | C87: EGD and combined upper and lower endoscopy | D87: GI / endoscopy | E87: P2 | F87: Moderate-led | G87: C8 Foundation | H87: 9 | I87: =COUNTIFS('Chart Register'!$C$5:$C$1004,$B87) | J87: =COUNTIFS('Chart Register'!$C$5:$C$1004,$B87,'Chart Register'!$N$5:$N$1004,"Live") | K87: =I87-J87-L87-M87 | L87: =COUNTIFS('Chart Register'!$C$5:$C$1004,$B87,'Chart Register'!$N$5:$N$1004,"On hold") | M87: =COUNTIFS('Chart Register'!$C$5:$C$1004,$B87,'Chart Register'!$N$5:$N$1004,"Retired") | N87: =IF($H87=0,"NA",J87/$H87) | O87: =$H87-J87 | P87: =IF($H87=0,"NA",IF(J87>=$H87,"Complete",IF(J87/$H87>='Schedule Model'!$C$8,"At or above threshold","BELOW THRESHOLD — source now"))) | Q87: =IF('Schedule Model'!$G$16="NA","NA",INT('Schedule Model'!$C$5+0.5*'Schedule Model'!$G$16*7)) | R87: =IF(OR($H87=0,NOT(ISNUMBER(Q87))),"NA",IF(J87>=$H87,"On target",IF(TODAY()<=Q87,"Not yet due",TODAY()-Q87))) | S87: =COUNTIFS('Issues Log'!$D$5:$D$504,$B87,'Issues Log'!$K$5:$K$504,"Open")+COUNTIFS('Issues Log'!$D$5:$D$504,$B87,'Issues Log'!$K$5:$K$504,"In progress")
A88: SDS | B88: SDS-07 | C88: Cataract extraction with IOL | D88: Ophthalmology | E88: P2 | F88: Basic-led | G88: C8 Foundation | H88: 11 | I88: =COUNTIFS('Chart Register'!$C$5:$C$1004,$B88) | J88: =COUNTIFS('Chart Register'!$C$5:$C$1004,$B88,'Chart Register'!$N$5:$N$1004,"Live") | K88: =I88-J88-L88-M88 | L88: =COUNTIFS('Chart Register'!$C$5:$C$1004,$B88,'Chart Register'!$N$5:$N$1004,"On hold") | M88: =COUNTIFS('Chart Register'!$C$5:$C$1004,$B88,'Chart Register'!$N$5:$N$1004,"Retired") | N88: =IF($H88=0,"NA",J88/$H88) | O88: =$H88-J88 | P88: =IF($H88=0,"NA",IF(J88>=$H88,"Complete",IF(J88/$H88>='Schedule Model'!$C$8,"At or above threshold","BELOW THRESHOLD — source now"))) | Q88: =IF('Schedule Model'!$G$16="NA","NA",INT('Schedule Model'!$C$5+0.583333*'Schedule Model'!$G$16*7)) | R88: =IF(OR($H88=0,NOT(ISNUMBER(Q88))),"NA",IF(J88>=$H88,"On target",IF(TODAY()<=Q88,"Not yet due",TODAY()-Q88))) | S88: =COUNTIFS('Issues Log'!$D$5:$D$504,$B88,'Issues Log'!$K$5:$K$504,"Open")+COUNTIFS('Issues Log'!$D$5:$D$504,$B88,'Issues Log'!$K$5:$K$504,"In progress")
A89: SDS | B89: SDS-08 | C89: Intravitreal injections and retinal laser | D89: Ophthalmology | E89: P2 | F89: Moderate-led | G89: C7 Denial trends | H89: 5 | I89: =COUNTIFS('Chart Register'!$C$5:$C$1004,$B89) | J89: =COUNTIFS('Chart Register'!$C$5:$C$1004,$B89,'Chart Register'!$N$5:$N$1004,"Live") | K89: =I89-J89-L89-M89 | L89: =COUNTIFS('Chart Register'!$C$5:$C$1004,$B89,'Chart Register'!$N$5:$N$1004,"On hold") | M89: =COUNTIFS('Chart Register'!$C$5:$C$1004,$B89,'Chart Register'!$N$5:$N$1004,"Retired") | N89: =IF($H89=0,"NA",J89/$H89) | O89: =$H89-J89 | P89: =IF($H89=0,"NA",IF(J89>=$H89,"Complete",IF(J89/$H89>='Schedule Model'!$C$8,"At or above threshold","BELOW THRESHOLD — source now"))) | Q89: =IF('Schedule Model'!$G$16="NA","NA",INT('Schedule Model'!$C$5+0.621212*'Schedule Model'!$G$16*7)) | R89: =IF(OR($H89=0,NOT(ISNUMBER(Q89))),"NA",IF(J89>=$H89,"On target",IF(TODAY()<=Q89,"Not yet due",TODAY()-Q89))) | S89: =COUNTIFS('Issues Log'!$D$5:$D$504,$B89,'Issues Log'!$K$5:$K$504,"Open")+COUNTIFS('Issues Log'!$D$5:$D$504,$B89,'Issues Log'!$K$5:$K$504,"In progress")
A90: SDS | B90: SDS-10 | C90: Epidural and facet joint injections | D90: Pain management | E90: P2 | F90: Complex-led | G90: C1 High error rate | H90: 11 | I90: =COUNTIFS('Chart Register'!$C$5:$C$1004,$B90) | J90: =COUNTIFS('Chart Register'!$C$5:$C$1004,$B90,'Chart Register'!$N$5:$N$1004,"Live") | K90: =I90-J90-L90-M90 | L90: =COUNTIFS('Chart Register'!$C$5:$C$1004,$B90,'Chart Register'!$N$5:$N$1004,"On hold") | M90: =COUNTIFS('Chart Register'!$C$5:$C$1004,$B90,'Chart Register'!$N$5:$N$1004,"Retired") | N90: =IF($H90=0,"NA",J90/$H90) | O90: =$H90-J90 | P90: =IF($H90=0,"NA",IF(J90>=$H90,"Complete",IF(J90/$H90>='Schedule Model'!$C$8,"At or above threshold","BELOW THRESHOLD — source now"))) | Q90: =IF('Schedule Model'!$G$16="NA","NA",INT('Schedule Model'!$C$5+0.704545*'Schedule Model'!$G$16*7)) | R90: =IF(OR($H90=0,NOT(ISNUMBER(Q90))),"NA",IF(J90>=$H90,"On target",IF(TODAY()<=Q90,"Not yet due",TODAY()-Q90))) | S90: =COUNTIFS('Issues Log'!$D$5:$D$504,$B90,'Issues Log'!$K$5:$K$504,"Open")+COUNTIFS('Issues Log'!$D$5:$D$504,$B90,'Issues Log'!$K$5:$K$504,"In progress")
A91: SDS | B91: SDS-11 | C91: Radiofrequency ablation and nerve blocks | D91: Pain management | E91: P2 | F91: Complex-led | G91: C7 Denial trends | H91: 9 | I91: =COUNTIFS('Chart Register'!$C$5:$C$1004,$B91) | J91: =COUNTIFS('Chart Register'!$C$5:$C$1004,$B91,'Chart Register'!$N$5:$N$1004,"Live") | K91: =I91-J91-L91-M91 | L91: =COUNTIFS('Chart Register'!$C$5:$C$1004,$B91,'Chart Register'!$N$5:$N$1004,"On hold") | M91: =COUNTIFS('Chart Register'!$C$5:$C$1004,$B91,'Chart Register'!$N$5:$N$1004,"Retired") | N91: =IF($H91=0,"NA",J91/$H91) | O91: =$H91-J91 | P91: =IF($H91=0,"NA",IF(J91>=$H91,"Complete",IF(J91/$H91>='Schedule Model'!$C$8,"At or above threshold","BELOW THRESHOLD — source now"))) | Q91: =IF('Schedule Model'!$G$16="NA","NA",INT('Schedule Model'!$C$5+0.772727*'Schedule Model'!$G$16*7)) | R91: =IF(OR($H91=0,NOT(ISNUMBER(Q91))),"NA",IF(J91>=$H91,"On target",IF(TODAY()<=Q91,"Not yet due",TODAY()-Q91))) | S91: =COUNTIFS('Issues Log'!$D$5:$D$504,$B91,'Issues Log'!$K$5:$K$504,"Open")+COUNTIFS('Issues Log'!$D$5:$D$504,$B91,'Issues Log'!$K$5:$K$504,"In progress")
A92: SDS | B92: SDS-12 | C92: General surgery — hernia repair, cholecystectomy, excisions | D92: Other surgical | E92: P2 | F92: Moderate-led | G92: C8 Foundation | H92: 9 | I92: =COUNTIFS('Chart Register'!$C$5:$C$1004,$B92) | J92: =COUNTIFS('Chart Register'!$C$5:$C$1004,$B92,'Chart Register'!$N$5:$N$1004,"Live") | K92: =I92-J92-L92-M92 | L92: =COUNTIFS('Chart Register'!$C$5:$C$1004,$B92,'Chart Register'!$N$5:$N$1004,"On hold") | M92: =COUNTIFS('Chart Register'!$C$5:$C$1004,$B92,'Chart Register'!$N$5:$N$1004,"Retired") | N92: =IF($H92=0,"NA",J92/$H92) | O92: =$H92-J92 | P92: =IF($H92=0,"NA",IF(J92>=$H92,"Complete",IF(J92/$H92>='Schedule Model'!$C$8,"At or above threshold","BELOW THRESHOLD — source now"))) | Q92: =IF('Schedule Model'!$G$16="NA","NA",INT('Schedule Model'!$C$5+0.840909*'Schedule Model'!$G$16*7)) | R92: =IF(OR($H92=0,NOT(ISNUMBER(Q92))),"NA",IF(J92>=$H92,"On target",IF(TODAY()<=Q92,"Not yet due",TODAY()-Q92))) | S92: =COUNTIFS('Issues Log'!$D$5:$D$504,$B92,'Issues Log'!$K$5:$K$504,"Open")+COUNTIFS('Issues Log'!$D$5:$D$504,$B92,'Issues Log'!$K$5:$K$504,"In progress")
A93: SDS | B93: SDS-13 | C93: Gynaecology — hysteroscopy, D&C, laparoscopy | D93: Other surgical | E93: P2 | F93: Moderate-led | G93: C8 Foundation | H93: 7 | I93: =COUNTIFS('Chart Register'!$C$5:$C$1004,$B93) | J93: =COUNTIFS('Chart Register'!$C$5:$C$1004,$B93,'Chart Register'!$N$5:$N$1004,"Live") | K93: =I93-J93-L93-M93 | L93: =COUNTIFS('Chart Register'!$C$5:$C$1004,$B93,'Chart Register'!$N$5:$N$1004,"On hold") | M93: =COUNTIFS('Chart Register'!$C$5:$C$1004,$B93,'Chart Register'!$N$5:$N$1004,"Retired") | N93: =IF($H93=0,"NA",J93/$H93) | O93: =$H93-J93 | P93: =IF($H93=0,"NA",IF(J93>=$H93,"Complete",IF(J93/$H93>='Schedule Model'!$C$8,"At or above threshold","BELOW THRESHOLD — source now"))) | Q93: =IF('Schedule Model'!$G$16="NA","NA",INT('Schedule Model'!$C$5+0.893939*'Schedule Model'!$G$16*7)) | R93: =IF(OR($H93=0,NOT(ISNUMBER(Q93))),"NA",IF(J93>=$H93,"On target",IF(TODAY()<=Q93,"Not yet due",TODAY()-Q93))) | S93: =COUNTIFS('Issues Log'!$D$5:$D$504,$B93,'Issues Log'!$K$5:$K$504,"Open")+COUNTIFS('Issues Log'!$D$5:$D$504,$B93,'Issues Log'!$K$5:$K$504,"In progress")
A94: SDS | B94: SDS-15 | C94: Urology — cystoscopy, TURP, stone procedures | D94: Other surgical | E94: P2 | F94: Moderate-led | G94: C8 Foundation | H94: 5 | I94: =COUNTIFS('Chart Register'!$C$5:$C$1004,$B94) | J94: =COUNTIFS('Chart Register'!$C$5:$C$1004,$B94,'Chart Register'!$N$5:$N$1004,"Live") | K94: =I94-J94-L94-M94 | L94: =COUNTIFS('Chart Register'!$C$5:$C$1004,$B94,'Chart Register'!$N$5:$N$1004,"On hold") | M94: =COUNTIFS('Chart Register'!$C$5:$C$1004,$B94,'Chart Register'!$N$5:$N$1004,"Retired") | N94: =IF($H94=0,"NA",J94/$H94) | O94: =$H94-J94 | P94: =IF($H94=0,"NA",IF(J94>=$H94,"Complete",IF(J94/$H94>='Schedule Model'!$C$8,"At or above threshold","BELOW THRESHOLD — source now"))) | Q94: =IF('Schedule Model'!$G$16="NA","NA",INT('Schedule Model'!$C$5+0.931818*'Schedule Model'!$G$16*7)) | R94: =IF(OR($H94=0,NOT(ISNUMBER(Q94))),"NA",IF(J94>=$H94,"On target",IF(TODAY()<=Q94,"Not yet due",TODAY()-Q94))) | S94: =COUNTIFS('Issues Log'!$D$5:$D$504,$B94,'Issues Log'!$K$5:$K$504,"Open")+COUNTIFS('Issues Log'!$D$5:$D$504,$B94,'Issues Log'!$K$5:$K$504,"In progress")
A95: SDS | B95: SDS-09 | C95: Oculoplastic and other eye procedures | D95: Ophthalmology | E95: P3 | F95: Complex-led | G95: C7 Denial trends | H95: 4 | I95: =COUNTIFS('Chart Register'!$C$5:$C$1004,$B95) | J95: =COUNTIFS('Chart Register'!$C$5:$C$1004,$B95,'Chart Register'!$N$5:$N$1004,"Live") | K95: =I95-J95-L95-M95 | L95: =COUNTIFS('Chart Register'!$C$5:$C$1004,$B95,'Chart Register'!$N$5:$N$1004,"On hold") | M95: =COUNTIFS('Chart Register'!$C$5:$C$1004,$B95,'Chart Register'!$N$5:$N$1004,"Retired") | N95: =IF($H95=0,"NA",J95/$H95) | O95: =$H95-J95 | P95: =IF($H95=0,"NA",IF(J95>=$H95,"Complete",IF(J95/$H95>='Schedule Model'!$C$8,"At or above threshold","BELOW THRESHOLD — source now"))) | Q95: =IF('Schedule Model'!$G$16="NA","NA",INT('Schedule Model'!$C$5+0.962121*'Schedule Model'!$G$16*7)) | R95: =IF(OR($H95=0,NOT(ISNUMBER(Q95))),"NA",IF(J95>=$H95,"On target",IF(TODAY()<=Q95,"Not yet due",TODAY()-Q95))) | S95: =COUNTIFS('Issues Log'!$D$5:$D$504,$B95,'Issues Log'!$K$5:$K$504,"Open")+COUNTIFS('Issues Log'!$D$5:$D$504,$B95,'Issues Log'!$K$5:$K$504,"In progress")
A96: SDS | B96: SDS-14 | C96: ENT — tonsillectomy, sinus surgery, myringotomy | D96: Other surgical | E96: P3 | F96: Moderate-led | G96: C8 Foundation | H96: 5 | I96: =COUNTIFS('Chart Register'!$C$5:$C$1004,$B96) | J96: =COUNTIFS('Chart Register'!$C$5:$C$1004,$B96,'Chart Register'!$N$5:$N$1004,"Live") | K96: =I96-J96-L96-M96 | L96: =COUNTIFS('Chart Register'!$C$5:$C$1004,$B96,'Chart Register'!$N$5:$N$1004,"On hold") | M96: =COUNTIFS('Chart Register'!$C$5:$C$1004,$B96,'Chart Register'!$N$5:$N$1004,"Retired") | N96: =IF($H96=0,"NA",J96/$H96) | O96: =$H96-J96 | P96: =IF($H96=0,"NA",IF(J96>=$H96,"Complete",IF(J96/$H96>='Schedule Model'!$C$8,"At or above threshold","BELOW THRESHOLD — source now"))) | Q96: =IF('Schedule Model'!$G$16="NA","NA",INT('Schedule Model'!$C$5+1.0*'Schedule Model'!$G$16*7)) | R96: =IF(OR($H96=0,NOT(ISNUMBER(Q96))),"NA",IF(J96>=$H96,"On target",IF(TODAY()<=Q96,"Not yet due",TODAY()-Q96))) | S96: =COUNTIFS('Issues Log'!$D$5:$D$504,$B96,'Issues Log'!$K$5:$K$504,"Open")+COUNTIFS('Issues Log'!$D$5:$D$504,$B96,'Issues Log'!$K$5:$K$504,"In progress")
A97: Surgery | B97: SUR-01 | C97: General surgery — hernia, cholecystectomy, appendectomy, bowel | D97: High-volume service lines | E97: P2 | F97: Moderate-led | G97: C8 Foundation | H97: 54 | I97: =COUNTIFS('Chart Register'!$C$5:$C$1004,$B97) | J97: =COUNTIFS('Chart Register'!$C$5:$C$1004,$B97,'Chart Register'!$N$5:$N$1004,"Live") | K97: =I97-J97-L97-M97 | L97: =COUNTIFS('Chart Register'!$C$5:$C$1004,$B97,'Chart Register'!$N$5:$N$1004,"On hold") | M97: =COUNTIFS('Chart Register'!$C$5:$C$1004,$B97,'Chart Register'!$N$5:$N$1004,"Retired") | N97: =IF($H97=0,"NA",J97/$H97) | O97: =$H97-J97 | P97: =IF($H97=0,"NA",IF(J97>=$H97,"Complete",IF(J97/$H97>='Schedule Model'!$C$8,"At or above threshold","BELOW THRESHOLD — source now"))) | Q97: =IF('Schedule Model'!$G$17="NA","NA",INT('Schedule Model'!$C$5+0.18*'Schedule Model'!$G$17*7)) | R97: =IF(OR($H97=0,NOT(ISNUMBER(Q97))),"NA",IF(J97>=$H97,"On target",IF(TODAY()<=Q97,"Not yet due",TODAY()-Q97))) | S97: =COUNTIFS('Issues Log'!$D$5:$D$504,$B97,'Issues Log'!$K$5:$K$504,"Open")+COUNTIFS('Issues Log'!$D$5:$D$504,$B97,'Issues Log'!$K$5:$K$504,"In progress")
A98: Surgery | B98: SUR-02 | C98: Orthopaedics — arthroplasty, arthroscopy, fracture fixation | D98: High-volume service lines | E98: P2 | F98: Complex-led | G98: C2 High dollar value | H98: 54 | I98: =COUNTIFS('Chart Register'!$C$5:$C$1004,$B98) | J98: =COUNTIFS('Chart Register'!$C$5:$C$1004,$B98,'Chart Register'!$N$5:$N$1004,"Live") | K98: =I98-J98-L98-M98 | L98: =COUNTIFS('Chart Register'!$C$5:$C$1004,$B98,'Chart Register'!$N$5:$N$1004,"On hold") | M98: =COUNTIFS('Chart Register'!$C$5:$C$1004,$B98,'Chart Register'!$N$5:$N$1004,"Retired") | N98: =IF($H98=0,"NA",J98/$H98) | O98: =$H98-J98 | P98: =IF($H98=0,"NA",IF(J98>=$H98,"Complete",IF(J98/$H98>='Schedule Model'!$C$8,"At or above threshold","BELOW THRESHOLD — source now"))) | Q98: =IF('Schedule Model'!$G$17="NA","NA",INT('Schedule Model'!$C$5+0.36*'Schedule Model'!$G$17*7)) | R98: =IF(OR($H98=0,NOT(ISNUMBER(Q98))),"NA",IF(J98>=$H98,"On target",IF(TODAY()<=Q98,"Not yet due",TODAY()-Q98))) | S98: =COUNTIFS('Issues Log'!$D$5:$D$504,$B98,'Issues Log'!$K$5:$K$504,"Open")+COUNTIFS('Issues Log'!$D$5:$D$504,$B98,'Issues Log'!$K$5:$K$504,"In progress")
A99: Surgery | B99: SUR-03 | C99: Cardiothoracic and vascular | D99: High-volume service lines | E99: P2 | F99: Complex-led | G99: C2 High dollar value | H99: 30 | I99: =COUNTIFS('Chart Register'!$C$5:$C$1004,$B99) | J99: =COUNTIFS('Chart Register'!$C$5:$C$1004,$B99,'Chart Register'!$N$5:$N$1004,"Live") | K99: =I99-J99-L99-M99 | L99: =COUNTIFS('Chart Register'!$C$5:$C$1004,$B99,'Chart Register'!$N$5:$N$1004,"On hold") | M99: =COUNTIFS('Chart Register'!$C$5:$C$1004,$B99,'Chart Register'!$N$5:$N$1004,"Retired") | N99: =IF($H99=0,"NA",J99/$H99) | O99: =$H99-J99 | P99: =IF($H99=0,"NA",IF(J99>=$H99,"Complete",IF(J99/$H99>='Schedule Model'!$C$8,"At or above threshold","BELOW THRESHOLD — source now"))) | Q99: =IF('Schedule Model'!$G$17="NA","NA",INT('Schedule Model'!$C$5+0.46*'Schedule Model'!$G$17*7)) | R99: =IF(OR($H99=0,NOT(ISNUMBER(Q99))),"NA",IF(J99>=$H99,"On target",IF(TODAY()<=Q99,"Not yet due",TODAY()-Q99))) | S99: =COUNTIFS('Issues Log'!$D$5:$D$504,$B99,'Issues Log'!$K$5:$K$504,"Open")+COUNTIFS('Issues Log'!$D$5:$D$504,$B99,'Issues Log'!$K$5:$K$504,"In progress")
A100: Surgery | B100: SUR-04 | C100: Neurosurgery — cranial and spine | D100: High-volume service lines | E100: P2 | F100: Complex-led | G100: C2 High dollar value | H100: 30 | I100: =COUNTIFS('Chart Register'!$C$5:$C$1004,$B100) | J100: =COUNTIFS('Chart Register'!$C$5:$C$1004,$B100,'Chart Register'!$N$5:$N$1004,"Live") | K100: =I100-J100-L100-M100 | L100: =COUNTIFS('Chart Register'!$C$5:$C$1004,$B100,'Chart Register'!$N$5:$N$1004,"On hold") | M100: =COUNTIFS('Chart Register'!$C$5:$C$1004,$B100,'Chart Register'!$N$5:$N$1004,"Retired") | N100: =IF($H100=0,"NA",J100/$H100) | O100: =$H100-J100 | P100: =IF($H100=0,"NA",IF(J100>=$H100,"Complete",IF(J100/$H100>='Schedule Model'!$C$8,"At or above threshold","BELOW THRESHOLD — source now"))) | Q100: =IF('Schedule Model'!$G$17="NA","NA",INT('Schedule Model'!$C$5+0.56*'Schedule Model'!$G$17*7)) | R100: =IF(OR($H100=0,NOT(ISNUMBER(Q100))),"NA",IF(J100>=$H100,"On target",IF(TODAY()<=Q100,"Not yet due",TODAY()-Q100))) | S100: =COUNTIFS('Issues Log'!$D$5:$D$504,$B100,'Issues Log'!$K$5:$K$504,"Open")+COUNTIFS('Issues Log'!$D$5:$D$504,$B100,'Issues Log'!$K$5:$K$504,"In progress")
A101: Surgery | B101: SUR-05 | C101: Gynaecology and obstetric surgery | D101: High-volume service lines | E101: P2 | F101: Moderate-led | G101: C8 Foundation | H101: 24 | I101: =COUNTIFS('Chart Register'!$C$5:$C$1004,$B101) | J101: =COUNTIFS('Chart Register'!$C$5:$C$1004,$B101,'Chart Register'!$N$5:$N$1004,"Live") | K101: =I101-J101-L101-M101 | L101: =COUNTIFS('Chart Register'!$C$5:$C$1004,$B101,'Chart Register'!$N$5:$N$1004,"On hold") | M101: =COUNTIFS('Chart Register'!$C$5:$C$1004,$B101,'Chart Register'!$N$5:$N$1004,"Retired") | N101: =IF($H101=0,"NA",J101/$H101) | O101: =$H101-J101 | P101: =IF($H101=0,"NA",IF(J101>=$H101,"Complete",IF(J101/$H101>='Schedule Model'!$C$8,"At or above threshold","BELOW THRESHOLD — source now"))) | Q101: =IF('Schedule Model'!$G$17="NA","NA",INT('Schedule Model'!$C$5+0.64*'Schedule Model'!$G$17*7)) | R101: =IF(OR($H101=0,NOT(ISNUMBER(Q101))),"NA",IF(J101>=$H101,"On target",IF(TODAY()<=Q101,"Not yet due",TODAY()-Q101))) | S101: =COUNTIFS('Issues Log'!$D$5:$D$504,$B101,'Issues Log'!$K$5:$K$504,"Open")+COUNTIFS('Issues Log'!$D$5:$D$504,$B101,'Issues Log'!$K$5:$K$504,"In progress")
...

Sheet Specialty View
A1: Specialty View — progress and slippage
A2: One row per specialty, every figure a formula. Expected completion comes from the Schedule Model; the variance is measured against it.
A4: Specialty | B4: Target | C4: Live | D4: In build | E4: On hold | F4: Retired | G4: Not yet sourced | H4: % of target | I4: Topics below threshold | J4: Expected completion | K4: Days vs expected | L4: Open issues | M4: Status
A5: IP-DRG | B5: =SUMIF('Topic Plan'!$A$5:$A$115,$A5,'Topic Plan'!$H$5:$H$115) | C5: =SUMIF('Topic Plan'!$A$5:$A$115,$A5,'Topic Plan'!$J$5:$J$115) | D5: =SUMIF('Topic Plan'!$A$5:$A$115,$A5,'Topic Plan'!$K$5:$K$115) | E5: =SUMIF('Topic Plan'!$A$5:$A$115,$A5,'Topic Plan'!$L$5:$L$115) | F5: =SUMIF('Topic Plan'!$A$5:$A$115,$A5,'Topic Plan'!$M$5:$M$115) | G5: =MAX(0,B5-COUNTIF('Chart Register'!$B$5:$B$1004,$A5)) | H5: =IF(B5=0,"NA",C5/B5) | I5: =COUNTIFS('Topic Plan'!$A$5:$A$115,$A5,'Topic Plan'!$P$5:$P$115,"BELOW*") | J5: =IF('Schedule Model'!$H$12="NA","NA",'Schedule Model'!$H$12) | K5: =IF(NOT(ISNUMBER(J5)),"NA",IF(C5>=B5,"Complete",IF(TODAY()<=J5,"Not yet due",TODAY()-J5))) | L5: =COUNTIFS('Issues Log'!$E$5:$E$504,$A5,'Issues Log'!$K$5:$K$504,"Open")+COUNTIFS('Issues Log'!$E$5:$E$504,$A5,'Issues Log'!$K$5:$K$504,"In progress") | M5: =IF(B5=0,"No target set",IF(C5>=B5,"Complete",IF(AND(ISNUMBER(K5),K5>0),"BEHIND — expected date passed",IF(I5>0,"Coverage gap in "&I5&" topic(s)","On track"))))
A6: ED Facility | B6: =SUMIF('Topic Plan'!$A$5:$A$115,$A6,'Topic Plan'!$H$5:$H$115) | C6: =SUMIF('Topic Plan'!$A$5:$A$115,$A6,'Topic Plan'!$J$5:$J$115) | D6: =SUMIF('Topic Plan'!$A$5:$A$115,$A6,'Topic Plan'!$K$5:$K$115) | E6: =SUMIF('Topic Plan'!$A$5:$A$115,$A6,'Topic Plan'!$L$5:$L$115) | F6: =SUMIF('Topic Plan'!$A$5:$A$115,$A6,'Topic Plan'!$M$5:$M$115) | G6: =MAX(0,B6-COUNTIF('Chart Register'!$B$5:$B$1004,$A6)) | H6: =IF(B6=0,"NA",C6/B6) | I6: =COUNTIFS('Topic Plan'!$A$5:$A$115,$A6,'Topic Plan'!$P$5:$P$115,"BELOW*") | J6: =IF('Schedule Model'!$H$13="NA","NA",'Schedule Model'!$H$13) | K6: =IF(NOT(ISNUMBER(J6)),"NA",IF(C6>=B6,"Complete",IF(TODAY()<=J6,"Not yet due",TODAY()-J6))) | L6: =COUNTIFS('Issues Log'!$E$5:$E$504,$A6,'Issues Log'!$K$5:$K$504,"Open")+COUNTIFS('Issues Log'!$E$5:$E$504,$A6,'Issues Log'!$K$5:$K$504,"In progress") | M6: =IF(B6=0,"No target set",IF(C6>=B6,"Complete",IF(AND(ISNUMBER(K6),K6>0),"BEHIND — expected date passed",IF(I6>0,"Coverage gap in "&I6&" topic(s)","On track"))))
A7: ED Profee | B7: =SUMIF('Topic Plan'!$A$5:$A$115,$A7,'Topic Plan'!$H$5:$H$115) | C7: =SUMIF('Topic Plan'!$A$5:$A$115,$A7,'Topic Plan'!$J$5:$J$115) | D7: =SUMIF('Topic Plan'!$A$5:$A$115,$A7,'Topic Plan'!$K$5:$K$115) | E7: =SUMIF('Topic Plan'!$A$5:$A$115,$A7,'Topic Plan'!$L$5:$L$115) | F7: =SUMIF('Topic Plan'!$A$5:$A$115,$A7,'Topic Plan'!$M$5:$M$115) | G7: =MAX(0,B7-COUNTIF('Chart Register'!$B$5:$B$1004,$A7)) | H7: =IF(B7=0,"NA",C7/B7) | I7: =COUNTIFS('Topic Plan'!$A$5:$A$115,$A7,'Topic Plan'!$P$5:$P$115,"BELOW*") | J7: =IF('Schedule Model'!$H$14="NA","NA",'Schedule Model'!$H$14) | K7: =IF(NOT(ISNUMBER(J7)),"NA",IF(C7>=B7,"Complete",IF(TODAY()<=J7,"Not yet due",TODAY()-J7))) | L7: =COUNTIFS('Issues Log'!$E$5:$E$504,$A7,'Issues Log'!$K$5:$K$504,"Open")+COUNTIFS('Issues Log'!$E$5:$E$504,$A7,'Issues Log'!$K$5:$K$504,"In progress") | M7: =IF(B7=0,"No target set",IF(C7>=B7,"Complete",IF(AND(ISNUMBER(K7),K7>0),"BEHIND — expected date passed",IF(I7>0,"Coverage gap in "&I7&" topic(s)","On track"))))
A8: E/M | B8: =SUMIF('Topic Plan'!$A$5:$A$115,$A8,'Topic Plan'!$H$5:$H$115) | C8: =SUMIF('Topic Plan'!$A$5:$A$115,$A8,'Topic Plan'!$J$5:$J$115) | D8: =SUMIF('Topic Plan'!$A$5:$A$115,$A8,'Topic Plan'!$K$5:$K$115) | E8: =SUMIF('Topic Plan'!$A$5:$A$115,$A8,'Topic Plan'!$L$5:$L$115) | F8: =SUMIF('Topic Plan'!$A$5:$A$115,$A8,'Topic Plan'!$M$5:$M$115) | G8: =MAX(0,B8-COUNTIF('Chart Register'!$B$5:$B$1004,$A8)) | H8: =IF(B8=0,"NA",C8/B8) | I8: =COUNTIFS('Topic Plan'!$A$5:$A$115,$A8,'Topic Plan'!$P$5:$P$115,"BELOW*") | J8: =IF('Schedule Model'!$H$15="NA","NA",'Schedule Model'!$H$15) | K8: =IF(NOT(ISNUMBER(J8)),"NA",IF(C8>=B8,"Complete",IF(TODAY()<=J8,"Not yet due",TODAY()-J8))) | L8: =COUNTIFS('Issues Log'!$E$5:$E$504,$A8,'Issues Log'!$K$5:$K$504,"Open")+COUNTIFS('Issues Log'!$E$5:$E$504,$A8,'Issues Log'!$K$5:$K$504,"In progress") | M8: =IF(B8=0,"No target set",IF(C8>=B8,"Complete",IF(AND(ISNUMBER(K8),K8>0),"BEHIND — expected date passed",IF(I8>0,"Coverage gap in "&I8&" topic(s)","On track"))))
A9: SDS | B9: =SUMIF('Topic Plan'!$A$5:$A$115,$A9,'Topic Plan'!$H$5:$H$115) | C9: =SUMIF('Topic Plan'!$A$5:$A$115,$A9,'Topic Plan'!$J$5:$J$115) | D9: =SUMIF('Topic Plan'!$A$5:$A$115,$A9,'Topic Plan'!$K$5:$K$115) | E9: =SUMIF('Topic Plan'!$A$5:$A$115,$A9,'Topic Plan'!$L$5:$L$115) | F9: =SUMIF('Topic Plan'!$A$5:$A$115,$A9,'Topic Plan'!$M$5:$M$115) | G9: =MAX(0,B9-COUNTIF('Chart Register'!$B$5:$B$1004,$A9)) | H9: =IF(B9=0,"NA",C9/B9) | I9: =COUNTIFS('Topic Plan'!$A$5:$A$115,$A9,'Topic Plan'!$P$5:$P$115,"BELOW*") | J9: =IF('Schedule Model'!$H$16="NA","NA",'Schedule Model'!$H$16) | K9: =IF(NOT(ISNUMBER(J9)),"NA",IF(C9>=B9,"Complete",IF(TODAY()<=J9,"Not yet due",TODAY()-J9))) | L9: =COUNTIFS('Issues Log'!$E$5:$E$504,$A9,'Issues Log'!$K$5:$K$504,"Open")+COUNTIFS('Issues Log'!$E$5:$E$504,$A9,'Issues Log'!$K$5:$K$504,"In progress") | M9: =IF(B9=0,"No target set",IF(C9>=B9,"Complete",IF(AND(ISNUMBER(K9),K9>0),"BEHIND — expected date passed",IF(I9>0,"Coverage gap in "&I9&" topic(s)","On track"))))
A10: Surgery | B10: =SUMIF('Topic Plan'!$A$5:$A$115,$A10,'Topic Plan'!$H$5:$H$115) | C10: =SUMIF('Topic Plan'!$A$5:$A$115,$A10,'Topic Plan'!$J$5:$J$115) | D10: =SUMIF('Topic Plan'!$A$5:$A$115,$A10,'Topic Plan'!$K$5:$K$115) | E10: =SUMIF('Topic Plan'!$A$5:$A$115,$A10,'Topic Plan'!$L$5:$L$115) | F10: =SUMIF('Topic Plan'!$A$5:$A$115,$A10,'Topic Plan'!$M$5:$M$115) | G10: =MAX(0,B10-COUNTIF('Chart Register'!$B$5:$B$1004,$A10)) | H10: =IF(B10=0,"NA",C10/B10) | I10: =COUNTIFS('Topic Plan'!$A$5:$A$115,$A10,'Topic Plan'!$P$5:$P$115,"BELOW*") | J10: =IF('Schedule Model'!$H$17="NA","NA",'Schedule Model'!$H$17) | K10: =IF(NOT(ISNUMBER(J10)),"NA",IF(C10>=B10,"Complete",IF(TODAY()<=J10,"Not yet due",TODAY()-J10))) | L10: =COUNTIFS('Issues Log'!$E$5:$E$504,$A10,'Issues Log'!$K$5:$K$504,"Open")+COUNTIFS('Issues Log'!$E$5:$E$504,$A10,'Issues Log'!$K$5:$K$504,"In progress") | M10: =IF(B10=0,"No target set",IF(C10>=B10,"Complete",IF(AND(ISNUMBER(K10),K10>0),"BEHIND — expected date passed",IF(I10>0,"Coverage gap in "&I10&" topic(s)","On track"))))
A11: ED Single Path | B11: =SUMIF('Topic Plan'!$A$5:$A$115,$A11,'Topic Plan'!$H$5:$H$115) | C11: =SUMIF('Topic Plan'!$A$5:$A$115,$A11,'Topic Plan'!$J$5:$J$115) | D11: =SUMIF('Topic Plan'!$A$5:$A$115,$A11,'Topic Plan'!$K$5:$K$115) | E11: =SUMIF('Topic Plan'!$A$5:$A$115,$A11,'Topic Plan'!$L$5:$L$115) | F11: =SUMIF('Topic Plan'!$A$5:$A$115,$A11,'Topic Plan'!$M$5:$M$115) | G11: =MAX(0,B11-COUNTIF('Chart Register'!$B$5:$B$1004,$A11)) | H11: =IF(B11=0,"NA",C11/B11) | I11: =COUNTIFS('Topic Plan'!$A$5:$A$115,$A11,'Topic Plan'!$P$5:$P$115,"BELOW*") | J11: =IF('Schedule Model'!$H$18="NA","NA",'Schedule Model'!$H$18) | K11: =IF(NOT(ISNUMBER(J11)),"NA",IF(C11>=B11,"Complete",IF(TODAY()<=J11,"Not yet due",TODAY()-J11))) | L11: =COUNTIFS('Issues Log'!$E$5:$E$504,$A11,'Issues Log'!$K$5:$K$504,"Open")+COUNTIFS('Issues Log'!$E$5:$E$504,$A11,'Issues Log'!$K$5:$K$504,"In progress") | M11: =IF(B11=0,"No target set",IF(C11>=B11,"Complete",IF(AND(ISNUMBER(K11),K11>0),"BEHIND — expected date passed",IF(I11>0,"Coverage gap in "&I11&" topic(s)","On track"))))
A12: TOTAL | B12: =SUM(B5:B11) | C12: =SUM(C5:C11) | D12: =SUM(D5:D11) | E12: =SUM(E5:E11) | F12: =SUM(F5:F11) | G12: =SUM(G5:G11) | H12: =IF(B12=0,"NA",C12/B12) | I12: =SUM(I5:I11) | J12: =MAX(J5:J11) | L12: =SUM(L5:L11) | M12: Expected completion is the LATEST specialty, not a sum
A14: Not yet sourced is the target less the register rows for that specialty, floored at zero. It goes to zero before the specialty is finished, because a logged chart is sourced whether or not it is live — read it with In build beside it.
A15: Days vs expected compares today with the Schedule Model date. It is a capacity statement, not a judgement: a specialty behind on one FTE is on time on two, which is exactly what the FTE column on that sheet is for.

Sheet Schedule Model
A1: Schedule Model — where the expected dates come from
A2: Derived from the HC build-hour rates and the FTE assigned. Shaded cells are inputs; every date in this workbook moves when they change.
A4: PROGRAMME INPUTS
A5: Programme start date | C5: 46310 | D5: The day building begins. Expected dates are measured forward from here.
A6: Effective hours per FTE per year | C6: 1795.5 | D6: HC Assumptions section E. Already net of the utilisation buffer below.
A7: Productive utilisation target | C7: 0.95 | D7: HC Assumptions section E. Shown for traceability; it is baked into the line above, so changing it here changes nothing on its own.
A8: Gap threshold | C8: 0.8 | D8: HC Chart Selection section 9. A topic below this share of its target triggers targeted sourcing.
A10: BUILD EFFORT AND EXPECTED COMPLETION BY SPECIALTY
A11: Specialty | B11: Target charts | C11: Build hrs per chart | D11: Total build hours | E11: FTE assigned | F11: Hours per week | G11: Weeks required | H11: Expected completion | I11: Build rate source
A12: IP-DRG | B12: 693 | C12: 3 | D12: =B12*C12 | E12: 1 | F12: =$C$6/52*E12 | G12: =IF(F12=0,"NA",D12/F12) | H12: =IF(F12=0,"NA",INT($C$5+G12*7)) | I12: HC FTE Demand
A13: ED Facility | B13: 704 | C13: 1.5 | D13: =B13*C13 | E13: 1 | F13: =$C$6/52*E13 | G13: =IF(F13=0,"NA",D13/F13) | H13: =IF(F13=0,"NA",INT($C$5+G13*7)) | I13: HC FTE Demand
A14: ED Profee | B14: 400 | C14: 3 | D14: =B14*C14 | E14: 1 | F14: =$C$6/52*E14 | G14: =IF(F14=0,"NA",D14/F14) | H14: =IF(F14=0,"NA",INT($C$5+G14*7)) | I14: Assumption — E/M rate, no HC row
A15: E/M | B15: 413 | C15: 3 | D15: =B15*C15 | E15: 1 | F15: =$C$6/52*E15 | G15: =IF(F15=0,"NA",D15/F15) | H15: =IF(F15=0,"NA",INT($C$5+G15*7)) | I15: HC FTE Demand
A16: SDS | B16: 132 | C16: 1.5 | D16: =B16*C16 | E16: 1 | F16: =$C$6/52*E16 | G16: =IF(F16=0,"NA",D16/F16) | H16: =IF(F16=0,"NA",INT($C$5+G16*7)) | I16: HC FTE Demand
A17: Surgery | B17: 300 | C17: 3 | D17: =B17*C17 | E17: 1 | F17: =$C$6/52*E17 | G17: =IF(F17=0,"NA",D17/F17) | H17: =IF(F17=0,"NA",INT($C$5+G17*7)) | I17: Assumption — no HC row
A18: ED Single Path | B18: 300 | C18: 3 | D18: =B18*C18 | E18: 1 | F18: =$C$6/52*E18 | G18: =IF(F18=0,"NA",D18/F18) | H18: =IF(F18=0,"NA",INT($C$5+G18*7)) | I18: Assumption — dual-coded, no HC row
A19: TOTAL | B19: =SUM(B12:B18) | D19: =SUM(D12:D18) | E19: =SUM(E12:E18) | G19: =MAX(G12:G18) | H19: =MAX(H12:H18) | I19: Weeks and date are the LONGEST specialty, not the sum — they run in parallel
A21: Weeks required assumes the FTE in column E works only on this specialty's initial build. It is elapsed build time, not the steady-state workload: HC's FTE Demand sheet adds refresh and batch handling on top, and a trainer doing both will take longer than column G says.
A22: Hours per week divides the annual effective hours by 52, so it already carries HC's utilisation buffer and does not need a second haircut for leave or admin.
A23: Three build rates are assumptions, not HC figures: ED Profee, Surgery and ED Single Path have no row in the HC model. Single Path is set at the E/M rate on the grounds that one chart carries two code sets, which is a guess worth revisiting once a few have actually been built.

Sheet Refresh & Retirement
A1: Refresh and retirement
A2: HC policy adds 30% and retires 10% of the pool each half-yearly refresh, a net 20% growth per cycle. This sizes the next one and flags what is due to go.
A4: POLICY INPUTS
A5: New charts added per refresh | C5: 0.3 | D5: HC Assumptions section C.
A6: Charts retired per refresh | C6: 0.1 | D6: HC Assumptions section C: the oldest and most-used.
A7: Retire at this many batches used | C7: 8 | D7: A chart seen this often has been seen by most of the cohort. Editable — HC sets no number, so this is a starting point to argue with.
A8: Retire at this age in days | C8: 540 | D8: Charts older than this predate at least one code-set year. Editable.
A9: Next refresh date | C9: 46490 | D9: Align with the code-set calendar: Oct 1 ICD-10 and IPPS, Jan 1 CPT, quarterly NCCI and OCE.
A11: NEXT REFRESH BY SPECIALTY
A12: Specialty | B12: Target pool | C12: Live now | D12: Add per refresh | E12: Retire per refresh | F12: Live past usage limit | G12: Live past age limit | H12: Due to retire (either rule) | I12: Reading
A13: IP-DRG | B13: 693 | C13: =COUNTIFS('Chart Register'!$B$5:$B$1004,$A13,'Chart Register'!$N$5:$N$1004,"Live") | D13: =ROUND(B13*$C$5,0) | E13: =ROUND(B13*$C$6,0) | F13: =COUNTIFS('Chart Register'!$B$5:$B$1004,$A13,'Chart Register'!$N$5:$N$1004,"Live",'Chart Register'!$X$5:$X$1004,">="&$C$7) | G13: =COUNTIFS('Chart Register'!$B$5:$B$1004,$A13,'Chart Register'!$N$5:$N$1004,"Live",'Chart Register'!$S$5:$S$1004,"<="&TODAY()-$C$8,'Chart Register'!$S$5:$S$1004,">0") | H13: =MAX(F13,G13) | I13: =IF(H13>E13,"More charts qualify to retire than policy removes — retire the most-used first",IF(H13=0,"Nothing qualifies yet","Within policy"))
A14: ED Facility | B14: 704 | C14: =COUNTIFS('Chart Register'!$B$5:$B$1004,$A14,'Chart Register'!$N$5:$N$1004,"Live") | D14: =ROUND(B14*$C$5,0) | E14: =ROUND(B14*$C$6,0) | F14: =COUNTIFS('Chart Register'!$B$5:$B$1004,$A14,'Chart Register'!$N$5:$N$1004,"Live",'Chart Register'!$X$5:$X$1004,">="&$C$7) | G14: =COUNTIFS('Chart Register'!$B$5:$B$1004,$A14,'Chart Register'!$N$5:$N$1004,"Live",'Chart Register'!$S$5:$S$1004,"<="&TODAY()-$C$8,'Chart Register'!$S$5:$S$1004,">0") | H14: =MAX(F14,G14) | I14: =IF(H14>E14,"More charts qualify to retire than policy removes — retire the most-used first",IF(H14=0,"Nothing qualifies yet","Within policy"))
A15: ED Profee | B15: 400 | C15: =COUNTIFS('Chart Register'!$B$5:$B$1004,$A15,'Chart Register'!$N$5:$N$1004,"Live") | D15: =ROUND(B15*$C$5,0) | E15: =ROUND(B15*$C$6,0) | F15: =COUNTIFS('Chart Register'!$B$5:$B$1004,$A15,'Chart Register'!$N$5:$N$1004,"Live",'Chart Register'!$X$5:$X$1004,">="&$C$7) | G15: =COUNTIFS('Chart Register'!$B$5:$B$1004,$A15,'Chart Register'!$N$5:$N$1004,"Live",'Chart Register'!$S$5:$S$1004,"<="&TODAY()-$C$8,'Chart Register'!$S$5:$S$1004,">0") | H15: =MAX(F15,G15) | I15: =IF(H15>E15,"More charts qualify to retire than policy removes — retire the most-used first",IF(H15=0,"Nothing qualifies yet","Within policy"))
A16: E/M | B16: 413 | C16: =COUNTIFS('Chart Register'!$B$5:$B$1004,$A16,'Chart Register'!$N$5:$N$1004,"Live") | D16: =ROUND(B16*$C$5,0) | E16: =ROUND(B16*$C$6,0) | F16: =COUNTIFS('Chart Register'!$B$5:$B$1004,$A16,'Chart Register'!$N$5:$N$1004,"Live",'Chart Register'!$X$5:$X$1004,">="&$C$7) | G16: =COUNTIFS('Chart Register'!$B$5:$B$1004,$A16,'Chart Register'!$N$5:$N$1004,"Live",'Chart Register'!$S$5:$S$1004,"<="&TODAY()-$C$8,'Chart Register'!$S$5:$S$1004,">0") | H16: =MAX(F16,G16) | I16: =IF(H16>E16,"More charts qualify to retire than policy removes — retire the most-used first",IF(H16=0,"Nothing qualifies yet","Within policy"))
A17: SDS | B17: 132 | C17: =COUNTIFS('Chart Register'!$B$5:$B$1004,$A17,'Chart Register'!$N$5:$N$1004,"Live") | D17: =ROUND(B17*$C$5,0) | E17: =ROUND(B17*$C$6,0) | F17: =COUNTIFS('Chart Register'!$B$5:$B$1004,$A17,'Chart Register'!$N$5:$N$1004,"Live",'Chart Register'!$X$5:$X$1004,">="&$C$7) | G17: =COUNTIFS('Chart Register'!$B$5:$B$1004,$A17,'Chart Register'!$N$5:$N$1004,"Live",'Chart Register'!$S$5:$S$1004,"<="&TODAY()-$C$8,'Chart Register'!$S$5:$S$1004,">0") | H17: =MAX(F17,G17) | I17: =IF(H17>E17,"More charts qualify to retire than policy removes — retire the most-used first",IF(H17=0,"Nothing qualifies yet","Within policy"))
A18: Surgery | B18: 300 | C18: =COUNTIFS('Chart Register'!$B$5:$B$1004,$A18,'Chart Register'!$N$5:$N$1004,"Live") | D18: =ROUND(B18*$C$5,0) | E18: =ROUND(B18*$C$6,0) | F18: =COUNTIFS('Chart Register'!$B$5:$B$1004,$A18,'Chart Register'!$N$5:$N$1004,"Live",'Chart Register'!$X$5:$X$1004,">="&$C$7) | G18: =COUNTIFS('Chart Register'!$B$5:$B$1004,$A18,'Chart Register'!$N$5:$N$1004,"Live",'Chart Register'!$S$5:$S$1004,"<="&TODAY()-$C$8,'Chart Register'!$S$5:$S$1004,">0") | H18: =MAX(F18,G18) | I18: =IF(H18>E18,"More charts qualify to retire than policy removes — retire the most-used first",IF(H18=0,"Nothing qualifies yet","Within policy"))
A19: ED Single Path | B19: 300 | C19: =COUNTIFS('Chart Register'!$B$5:$B$1004,$A19,'Chart Register'!$N$5:$N$1004,"Live") | D19: =ROUND(B19*$C$5,0) | E19: =ROUND(B19*$C$6,0) | F19: =COUNTIFS('Chart Register'!$B$5:$B$1004,$A19,'Chart Register'!$N$5:$N$1004,"Live",'Chart Register'!$X$5:$X$1004,">="&$C$7) | G19: =COUNTIFS('Chart Register'!$B$5:$B$1004,$A19,'Chart Register'!$N$5:$N$1004,"Live",'Chart Register'!$S$5:$S$1004,"<="&TODAY()-$C$8,'Chart Register'!$S$5:$S$1004,">0") | H19: =MAX(F19,G19) | I19: =IF(H19>E19,"More charts qualify to retire than policy removes — retire the most-used first",IF(H19=0,"Nothing qualifies yet","Within policy"))
A20: TOTAL | B20: =SUM(B13:B19) | C20: =SUM(C13:C19) | D20: =SUM(D13:D19) | E20: =SUM(E13:E19) | F20: =SUM(F13:F19) | G20: =SUM(G13:G19) | H20: =SUM(H13:H19)
A22: Due to retire takes whichever rule catches more charts rather than adding the two, because a chart can be both old and heavily used and must not be counted twice.
A23: Retirement is not the same as deletion. A retired chart keeps its register row and its dates, which is what lets the dashboard report what left the pool and when. Deleting the row loses the history and makes the next refresh look smaller than it was.
A24: Age is measured from the date the chart went live, so a chart built long before it was published is not punished for the wait.

Sheet Lists
A1: Dropdown lists
A2: The source for every dropdown in this workbook. Add a value here and it appears in the register — do not type a new value straight into a cell.
A4: Specialty | B4: Topic ID | C4: Status | D4: Difficulty tier | E4: Source type | F4: Sourcing channel | G4: Issue severity | H4: Issue status | I4: Issue type
A5: IP-DRG | B5: IPD-01 | C5: Identified | D5: Basic | E5: QA/QR-validated | F5: C1 High error rate | G5: Blocker | H5: Open | I5: Answer key disputed
A6: ED Facility | B6: IPD-02 | C6: De-identified | D6: Moderate | E6: PL re-coded | F6: C2 High dollar value | G6: High | H6: In progress | I6: Answer key suspected wrong
A7: ED Profee | B7: IPD-03 | C7: Built | D7: Complex | F7: C3 Targeted PDx / DRG | G7: Medium | H7: Resolved | I7: Documentation incomplete after de-ID
A8: E/M | B8: IPD-04 | C8: Validated | F8: C4 Smart recommendations | G8: Low | H8: Will not fix | I8: PHI found after publish
A9: SDS | B9: IPD-15 | C9: Live | F9: C5 DRGV trending PCS / DRG | I9: Client permission not confirmed
A10: Surgery | B10: IPD-16 | C10: On hold | F10: C6 Customer escalations | I10: Chart too easy
A11: ED Single Path | B11: IPD-05 | C11: Retired | F11: C7 Denial trends | I11: Chart too long for practice time
B12: IPD-06 | F12: C8 Foundation | I12: Duplicate of existing chart
B13: IPD-07 | I13: Code set out of date
B14: IPD-08 | I14: Validation failed
B15: IPD-09 | I15: Specialty or topic misclassified
B16: IPD-10 | I16: Other
B17: IPD-11
B18: IPD-12
B19: IPD-17
B20: IPD-18
B21: IPD-19
B22: IPD-20
B23: IPD-21
B24: IPD-22
B25: IPD-13
B26: IPD-14
B27: IPD-23
B28: IPD-24
... B115: ESP-08
